./0015-i-ng-60-64-40-24h-16mxP-5mxC-10mxH-4mnH-4Cnt-20171210_23-33-59718-brkga-brkga-g3-p25-e0.5-m0.1-i0.7.json, ../../Instances/Final/LargeSet_20180106/0015-i-ng-60-64-40-24h-16mxP-5mxC-10mxH-4mnH-4Cnt-20171210_23-33-59718.dat, not valid  maxConsec maxHours 
./0015-i-ng-60-64-40-24h-16mxP-5mxC-10mxH-4mnH-4Cnt-20171210_23-33-59718-brkga-brkga-g3-p25-e0.6-m0.1-i0.7.json, ../../Instances/Final/LargeSet_20180106/0015-i-ng-60-64-40-24h-16mxP-5mxC-10mxH-4mnH-4Cnt-20171210_23-33-59718.dat, not valid  maxConsec maxHours 
./i-ng-60-1600-1000-24h-9mxP-3mxC-2mxH-1mnH-3Cnt-20180105_12-30-58457-brkga-brkga-g3-p25-e0.8-m0.1-i0.7.json, ../../Instances/Final/LargeSet_20180106/i-ng-60-1600-1000-24h-9mxP-3mxC-2mxH-1mnH-3Cnt-20180105_12-30-58457.dat, not valid  maxConsec maxHours 
./i-ng-60-1600-1000-24h-9mxP-3mxC-2mxH-1mnH-3Cnt-20180105_12-30-58457-brkga-brkga-g3-p25-e0.3-m0.1-i0.7.json, ../../Instances/Final/LargeSet_20180106/i-ng-60-1600-1000-24h-9mxP-3mxC-2mxH-1mnH-3Cnt-20180105_12-30-58457.dat, not valid  maxConsec maxHours 
./0015-i-ng-60-64-40-24h-16mxP-5mxC-10mxH-4mnH-4Cnt-20171210_23-33-59718-brkga-brkga-g3-p25-e0.4-m0.1-i0.7.json, ../../Instances/Final/LargeSet_20180106/0015-i-ng-60-64-40-24h-16mxP-5mxC-10mxH-4mnH-4Cnt-20171210_23-33-59718.dat, not valid  maxConsec maxHours 
./i-ng-60-1600-1000-24h-9mxP-3mxC-2mxH-1mnH-3Cnt-20180105_12-30-58457-brkga-brkga-g3-p25-e0.1-m0.1-i0.7.json, ../../Instances/Final/LargeSet_20180106/i-ng-60-1600-1000-24h-9mxP-3mxC-2mxH-1mnH-3Cnt-20180105_12-30-58457.dat, not valid  maxConsec maxHours 
./0015-i-ng-60-64-40-24h-16mxP-5mxC-10mxH-4mnH-4Cnt-20171210_23-33-59718-brkga-brkga-g3-p25-e0.2-m0.1-i0.7.json, ../../Instances/Final/LargeSet_20180106/0015-i-ng-60-64-40-24h-16mxP-5mxC-10mxH-4mnH-4Cnt-20171210_23-33-59718.dat, not valid  maxConsec maxHours 
./0015-i-ng-60-64-40-24h-16mxP-5mxC-10mxH-4mnH-4Cnt-20171210_23-33-59718-brkga-brkga-g3-p25-e0.45-m0.1-i0.7.json, ../../Instances/Final/LargeSet_20180106/0015-i-ng-60-64-40-24h-16mxP-5mxC-10mxH-4mnH-4Cnt-20171210_23-33-59718.dat, not valid  maxConsec maxHours 
./i-ng-60-1600-1000-24h-9mxP-3mxC-2mxH-1mnH-3Cnt-20180105_12-30-58457-brkga-brkga-g3-p25-e0.9-m0.1-i0.7.json, ../../Instances/Final/LargeSet_20180106/i-ng-60-1600-1000-24h-9mxP-3mxC-2mxH-1mnH-3Cnt-20180105_12-30-58457.dat, not valid  maxConsec maxHours 
./i-ng-60-1600-1000-24h-9mxP-3mxC-2mxH-1mnH-3Cnt-20180105_12-30-58457-brkga-brkga-g3-p25-e0.35-m0.1-i0.7.json, ../../Instances/Final/LargeSet_20180106/i-ng-60-1600-1000-24h-9mxP-3mxC-2mxH-1mnH-3Cnt-20180105_12-30-58457.dat, not valid  maxConsec maxHours 
./0015-i-ng-60-64-40-24h-16mxP-5mxC-10mxH-4mnH-4Cnt-20171210_23-33-59718-brkga-brkga-g3-p25-e0.25-m0.1-i0.7.json, ../../Instances/Final/LargeSet_20180106/0015-i-ng-60-64-40-24h-16mxP-5mxC-10mxH-4mnH-4Cnt-20171210_23-33-59718.dat, not valid  maxConsec maxHours 
./i-ng-60-1600-1000-24h-9mxP-3mxC-2mxH-1mnH-3Cnt-20180105_12-30-58457-brkga-brkga-g3-p25-e0.6-m0.1-i0.7.json, ../../Instances/Final/LargeSet_20180106/i-ng-60-1600-1000-24h-9mxP-3mxC-2mxH-1mnH-3Cnt-20180105_12-30-58457.dat, not valid  maxConsec maxHours 
./i-ng-60-1600-1000-24h-9mxP-3mxC-2mxH-1mnH-3Cnt-20180105_12-30-58457-brkga-brkga-g3-p25-e0.2-m0.1-i0.7.json, ../../Instances/Final/LargeSet_20180106/i-ng-60-1600-1000-24h-9mxP-3mxC-2mxH-1mnH-3Cnt-20180105_12-30-58457.dat, not valid  maxConsec maxHours 
./0015-i-ng-60-64-40-24h-16mxP-5mxC-10mxH-4mnH-4Cnt-20171210_23-33-59718-brkga-brkga-g3-p25-e0.15-m0.1-i0.7.json, ../../Instances/Final/LargeSet_20180106/0015-i-ng-60-64-40-24h-16mxP-5mxC-10mxH-4mnH-4Cnt-20171210_23-33-59718.dat, not valid  maxConsec maxHours 
./i-ng-60-1600-1000-24h-9mxP-3mxC-2mxH-1mnH-3Cnt-20180105_12-30-58457-brkga-brkga-g3-p25-e0.7-m0.1-i0.7.json, ../../Instances/Final/LargeSet_20180106/i-ng-60-1600-1000-24h-9mxP-3mxC-2mxH-1mnH-3Cnt-20180105_12-30-58457.dat, not valid  maxConsec maxHours 
./0015-i-ng-60-64-40-24h-16mxP-5mxC-10mxH-4mnH-4Cnt-20171210_23-33-59718-brkga-brkga-g3-p25-e0.9-m0.1-i0.7.json, ../../Instances/Final/LargeSet_20180106/0015-i-ng-60-64-40-24h-16mxP-5mxC-10mxH-4mnH-4Cnt-20171210_23-33-59718.dat, not valid  maxConsec maxHours 
./i-ng-60-1600-1000-24h-9mxP-3mxC-2mxH-1mnH-3Cnt-20180105_12-30-58457-brkga-brkga-g3-p25-e0.15-m0.1-i0.7.json, ../../Instances/Final/LargeSet_20180106/i-ng-60-1600-1000-24h-9mxP-3mxC-2mxH-1mnH-3Cnt-20180105_12-30-58457.dat, not valid  maxConsec maxHours 
./0015-i-ng-60-64-40-24h-16mxP-5mxC-10mxH-4mnH-4Cnt-20171210_23-33-59718-brkga-brkga-g3-p25-e0.8-m0.1-i0.7.json, ../../Instances/Final/LargeSet_20180106/0015-i-ng-60-64-40-24h-16mxP-5mxC-10mxH-4mnH-4Cnt-20171210_23-33-59718.dat, not valid  maxConsec maxHours 
./0015-i-ng-60-64-40-24h-16mxP-5mxC-10mxH-4mnH-4Cnt-20171210_23-33-59718-brkga-brkga-g3-p25-e0.3-m0.1-i0.7.json, ../../Instances/Final/LargeSet_20180106/0015-i-ng-60-64-40-24h-16mxP-5mxC-10mxH-4mnH-4Cnt-20171210_23-33-59718.dat, not valid  maxConsec maxHours 
./0015-i-ng-60-64-40-24h-16mxP-5mxC-10mxH-4mnH-4Cnt-20171210_23-33-59718-brkga-brkga-g3-p25-e0.1-m0.1-i0.7.json, ../../Instances/Final/LargeSet_20180106/0015-i-ng-60-64-40-24h-16mxP-5mxC-10mxH-4mnH-4Cnt-20171210_23-33-59718.dat, not valid  maxConsec maxHours 
./i-ng-60-1600-1000-24h-9mxP-3mxC-2mxH-1mnH-3Cnt-20180105_12-30-58457-brkga-brkga-g3-p25-e0.25-m0.1-i0.7.json, ../../Instances/Final/LargeSet_20180106/i-ng-60-1600-1000-24h-9mxP-3mxC-2mxH-1mnH-3Cnt-20180105_12-30-58457.dat, not valid  maxConsec maxHours 
./i-ng-60-1600-1000-24h-9mxP-3mxC-2mxH-1mnH-3Cnt-20180105_12-30-58457-brkga-brkga-g3-p25-e0.5-m0.1-i0.7.json, ../../Instances/Final/LargeSet_20180106/i-ng-60-1600-1000-24h-9mxP-3mxC-2mxH-1mnH-3Cnt-20180105_12-30-58457.dat, not valid  maxConsec maxHours 
./i-ng-60-1600-1000-24h-9mxP-3mxC-2mxH-1mnH-3Cnt-20180105_12-30-58457-brkga-brkga-g3-p25-e0.45-m0.1-i0.7.json, ../../Instances/Final/LargeSet_20180106/i-ng-60-1600-1000-24h-9mxP-3mxC-2mxH-1mnH-3Cnt-20180105_12-30-58457.dat, not valid  maxConsec maxHours 
./0015-i-ng-60-64-40-24h-16mxP-5mxC-10mxH-4mnH-4Cnt-20171210_23-33-59718-brkga-brkga-g3-p25-e0.7-m0.1-i0.7.json, ../../Instances/Final/LargeSet_20180106/0015-i-ng-60-64-40-24h-16mxP-5mxC-10mxH-4mnH-4Cnt-20171210_23-33-59718.dat, not valid  maxConsec maxHours 
./0015-i-ng-60-64-40-24h-16mxP-5mxC-10mxH-4mnH-4Cnt-20171210_23-33-59718-brkga-brkga-g3-p25-e0.35-m0.1-i0.7.json, ../../Instances/Final/LargeSet_20180106/0015-i-ng-60-64-40-24h-16mxP-5mxC-10mxH-4mnH-4Cnt-20171210_23-33-59718.dat, not valid  maxConsec maxHours 
./i-ng-60-1600-1000-24h-9mxP-3mxC-2mxH-1mnH-3Cnt-20180105_12-30-58457-brkga-brkga-g3-p25-e0.4-m0.1-i0.7.json, ../../Instances/Final/LargeSet_20180106/i-ng-60-1600-1000-24h-9mxP-3mxC-2mxH-1mnH-3Cnt-20180105_12-30-58457.dat, not valid  maxConsec maxHours 
