./generation/0015-i-ng-60-64-40-24h-16mxP-5mxC-10mxH-4mnH-4Cnt-20171210_23-33-59718-brkga-brkga-g1-p100-e0.3-m0.1-i0.7.json, ../../Instances/Final/LargeSet_20180106/0015-i-ng-60-64-40-24h-16mxP-5mxC-10mxH-4mnH-4Cnt-20171210_23-33-59718.dat, valid & feasible 
./generation/0015-i-ng-60-64-40-24h-16mxP-5mxC-10mxH-4mnH-4Cnt-20171210_23-33-59718-brkga-brkga-g6-p100-e0.3-m0.1-i0.7.json, ../../Instances/Final/LargeSet_20180106/0015-i-ng-60-64-40-24h-16mxP-5mxC-10mxH-4mnH-4Cnt-20171210_23-33-59718.dat, valid & feasible 
./generation/0015-i-ng-60-64-40-24h-16mxP-5mxC-10mxH-4mnH-4Cnt-20171210_23-33-59718-brkga-brkga-g3-p100-e0.3-m0.1-i0.7.json, ../../Instances/Final/LargeSet_20180106/0015-i-ng-60-64-40-24h-16mxP-5mxC-10mxH-4mnH-4Cnt-20171210_23-33-59718.dat, valid & feasible 
./generation/0015-i-ng-60-64-40-24h-16mxP-5mxC-10mxH-4mnH-4Cnt-20171210_23-33-59718-brkga-brkga-g4-p100-e0.3-m0.1-i0.7.json, ../../Instances/Final/LargeSet_20180106/0015-i-ng-60-64-40-24h-16mxP-5mxC-10mxH-4mnH-4Cnt-20171210_23-33-59718.dat, valid & feasible 
./generation/0015-i-ng-60-64-40-24h-16mxP-5mxC-10mxH-4mnH-4Cnt-20171210_23-33-59718-brkga-brkga-g2-p100-e0.3-m0.1-i0.7.json, ../../Instances/Final/LargeSet_20180106/0015-i-ng-60-64-40-24h-16mxP-5mxC-10mxH-4mnH-4Cnt-20171210_23-33-59718.dat, valid & feasible 
./generation/0015-i-ng-60-64-40-24h-16mxP-5mxC-10mxH-4mnH-4Cnt-20171210_23-33-59718-brkga-brkga-g5-p100-e0.3-m0.1-i0.7.json, ../../Instances/Final/LargeSet_20180106/0015-i-ng-60-64-40-24h-16mxP-5mxC-10mxH-4mnH-4Cnt-20171210_23-33-59718.dat, valid & feasible 
