./mutantprop/0015-i-ng-60-64-40-24h-16mxP-5mxC-10mxH-4mnH-4Cnt-20171210_23-33-59718-brkga-brkga-g3-p25-e0.3-m0.25-i0.7.json, ../../Instances/Final/LargeSet_20180106/0015-i-ng-60-64-40-24h-16mxP-5mxC-10mxH-4mnH-4Cnt-20171210_23-33-59718.dat, valid & feasible 
./mutantprop/0015-i-ng-60-64-40-24h-16mxP-5mxC-10mxH-4mnH-4Cnt-20171210_23-33-59718-brkga-brkga-g3-p25-e0.3-m0.3-i0.7.json, ../../Instances/Final/LargeSet_20180106/0015-i-ng-60-64-40-24h-16mxP-5mxC-10mxH-4mnH-4Cnt-20171210_23-33-59718.dat, valid & feasible 
./mutantprop/0015-i-ng-60-64-40-24h-16mxP-5mxC-10mxH-4mnH-4Cnt-20171210_23-33-59718-brkga-brkga-g3-p25-e0.3-m0.45-i0.7.json, ../../Instances/Final/LargeSet_20180106/0015-i-ng-60-64-40-24h-16mxP-5mxC-10mxH-4mnH-4Cnt-20171210_23-33-59718.dat, valid & feasible 
./mutantprop/0015-i-ng-60-64-40-24h-16mxP-5mxC-10mxH-4mnH-4Cnt-20171210_23-33-59718-brkga-brkga-g3-p25-e0.3-m0.6-i0.7.json, ../../Instances/Final/LargeSet_20180106/0015-i-ng-60-64-40-24h-16mxP-5mxC-10mxH-4mnH-4Cnt-20171210_23-33-59718.dat, valid & feasible 
./mutantprop/0015-i-ng-60-64-40-24h-16mxP-5mxC-10mxH-4mnH-4Cnt-20171210_23-33-59718-brkga-brkga-g3-p25-e0.3-m0.5-i0.7.json, ../../Instances/Final/LargeSet_20180106/0015-i-ng-60-64-40-24h-16mxP-5mxC-10mxH-4mnH-4Cnt-20171210_23-33-59718.dat, valid & feasible 
./mutantprop/0015-i-ng-60-64-40-24h-16mxP-5mxC-10mxH-4mnH-4Cnt-20171210_23-33-59718-brkga-brkga-g3-p25-e0.3-m0.35-i0.7.json, ../../Instances/Final/LargeSet_20180106/0015-i-ng-60-64-40-24h-16mxP-5mxC-10mxH-4mnH-4Cnt-20171210_23-33-59718.dat, valid & feasible 
./mutantprop/0015-i-ng-60-64-40-24h-16mxP-5mxC-10mxH-4mnH-4Cnt-20171210_23-33-59718-brkga-brkga-g3-p25-e0.3-m0.15-i0.7.json, ../../Instances/Final/LargeSet_20180106/0015-i-ng-60-64-40-24h-16mxP-5mxC-10mxH-4mnH-4Cnt-20171210_23-33-59718.dat, valid & feasible 
./mutantprop/0015-i-ng-60-64-40-24h-16mxP-5mxC-10mxH-4mnH-4Cnt-20171210_23-33-59718-brkga-brkga-g3-p25-e0.3-m0.1-i0.7.json, ../../Instances/Final/LargeSet_20180106/0015-i-ng-60-64-40-24h-16mxP-5mxC-10mxH-4mnH-4Cnt-20171210_23-33-59718.dat, valid & feasible 
./mutantprop/0015-i-ng-60-64-40-24h-16mxP-5mxC-10mxH-4mnH-4Cnt-20171210_23-33-59718-brkga-brkga-g3-p25-e0.3-m0.4-i0.7.json, ../../Instances/Final/LargeSet_20180106/0015-i-ng-60-64-40-24h-16mxP-5mxC-10mxH-4mnH-4Cnt-20171210_23-33-59718.dat, not valid  minHours 
./mutantprop/0015-i-ng-60-64-40-24h-16mxP-5mxC-10mxH-4mnH-4Cnt-20171210_23-33-59718-brkga-brkga-g3-p25-e0.3-m0.2-i0.7.json, ../../Instances/Final/LargeSet_20180106/0015-i-ng-60-64-40-24h-16mxP-5mxC-10mxH-4mnH-4Cnt-20171210_23-33-59718.dat, valid & feasible 
./eliteprop/0015-i-ng-60-64-40-24h-16mxP-5mxC-10mxH-4mnH-4Cnt-20171210_23-33-59718-brkga-brkga-g3-p25-e0.5-m0.1-i0.7.json, ../../Instances/Final/LargeSet_20180106/0015-i-ng-60-64-40-24h-16mxP-5mxC-10mxH-4mnH-4Cnt-20171210_23-33-59718.dat, valid & feasible 
./eliteprop/0015-i-ng-60-64-40-24h-16mxP-5mxC-10mxH-4mnH-4Cnt-20171210_23-33-59718-brkga-brkga-g3-p25-e0.6-m0.1-i0.7.json, ../../Instances/Final/LargeSet_20180106/0015-i-ng-60-64-40-24h-16mxP-5mxC-10mxH-4mnH-4Cnt-20171210_23-33-59718.dat, valid & feasible 
./eliteprop/0015-i-ng-60-64-40-24h-16mxP-5mxC-10mxH-4mnH-4Cnt-20171210_23-33-59718-brkga-brkga-g3-p25-e0.4-m0.1-i0.7.json, ../../Instances/Final/LargeSet_20180106/0015-i-ng-60-64-40-24h-16mxP-5mxC-10mxH-4mnH-4Cnt-20171210_23-33-59718.dat, valid & feasible 
./eliteprop/0015-i-ng-60-64-40-24h-16mxP-5mxC-10mxH-4mnH-4Cnt-20171210_23-33-59718-brkga-brkga-g3-p25-e0.2-m0.1-i0.7.json, ../../Instances/Final/LargeSet_20180106/0015-i-ng-60-64-40-24h-16mxP-5mxC-10mxH-4mnH-4Cnt-20171210_23-33-59718.dat, valid & feasible 
./eliteprop/0015-i-ng-60-64-40-24h-16mxP-5mxC-10mxH-4mnH-4Cnt-20171210_23-33-59718-brkga-brkga-g3-p25-e0.45-m0.1-i0.7.json, ../../Instances/Final/LargeSet_20180106/0015-i-ng-60-64-40-24h-16mxP-5mxC-10mxH-4mnH-4Cnt-20171210_23-33-59718.dat, valid & feasible 
./eliteprop/0015-i-ng-60-64-40-24h-16mxP-5mxC-10mxH-4mnH-4Cnt-20171210_23-33-59718-brkga-brkga-g3-p25-e0.25-m0.1-i0.7.json, ../../Instances/Final/LargeSet_20180106/0015-i-ng-60-64-40-24h-16mxP-5mxC-10mxH-4mnH-4Cnt-20171210_23-33-59718.dat, valid & feasible 
./eliteprop/0015-i-ng-60-64-40-24h-16mxP-5mxC-10mxH-4mnH-4Cnt-20171210_23-33-59718-brkga-brkga-g3-p25-e0.15-m0.1-i0.7.json, ../../Instances/Final/LargeSet_20180106/0015-i-ng-60-64-40-24h-16mxP-5mxC-10mxH-4mnH-4Cnt-20171210_23-33-59718.dat, valid & feasible 
./eliteprop/0015-i-ng-60-64-40-24h-16mxP-5mxC-10mxH-4mnH-4Cnt-20171210_23-33-59718-brkga-brkga-g3-p25-e0.9-m0.1-i0.7.json, ../../Instances/Final/LargeSet_20180106/0015-i-ng-60-64-40-24h-16mxP-5mxC-10mxH-4mnH-4Cnt-20171210_23-33-59718.dat, valid & feasible 
./eliteprop/0015-i-ng-60-64-40-24h-16mxP-5mxC-10mxH-4mnH-4Cnt-20171210_23-33-59718-brkga-brkga-g3-p25-e0.8-m0.1-i0.7.json, ../../Instances/Final/LargeSet_20180106/0015-i-ng-60-64-40-24h-16mxP-5mxC-10mxH-4mnH-4Cnt-20171210_23-33-59718.dat, valid & feasible 
./eliteprop/0015-i-ng-60-64-40-24h-16mxP-5mxC-10mxH-4mnH-4Cnt-20171210_23-33-59718-brkga-brkga-g3-p25-e0.3-m0.1-i0.7.json, ../../Instances/Final/LargeSet_20180106/0015-i-ng-60-64-40-24h-16mxP-5mxC-10mxH-4mnH-4Cnt-20171210_23-33-59718.dat, valid & feasible 
./eliteprop/0015-i-ng-60-64-40-24h-16mxP-5mxC-10mxH-4mnH-4Cnt-20171210_23-33-59718-brkga-brkga-g3-p25-e0.1-m0.1-i0.7.json, ../../Instances/Final/LargeSet_20180106/0015-i-ng-60-64-40-24h-16mxP-5mxC-10mxH-4mnH-4Cnt-20171210_23-33-59718.dat, valid & feasible 
./eliteprop/0015-i-ng-60-64-40-24h-16mxP-5mxC-10mxH-4mnH-4Cnt-20171210_23-33-59718-brkga-brkga-g3-p25-e0.7-m0.1-i0.7.json, ../../Instances/Final/LargeSet_20180106/0015-i-ng-60-64-40-24h-16mxP-5mxC-10mxH-4mnH-4Cnt-20171210_23-33-59718.dat, valid & feasible 
./eliteprop/0015-i-ng-60-64-40-24h-16mxP-5mxC-10mxH-4mnH-4Cnt-20171210_23-33-59718-brkga-brkga-g3-p25-e0.35-m0.1-i0.7.json, ../../Instances/Final/LargeSet_20180106/0015-i-ng-60-64-40-24h-16mxP-5mxC-10mxH-4mnH-4Cnt-20171210_23-33-59718.dat, valid & feasible 
./generation/0015-i-ng-60-64-40-24h-16mxP-5mxC-10mxH-4mnH-4Cnt-20171210_23-33-59718-brkga-brkga-g1-p25-e0.3-m0.1-i0.7.json, ../../Instances/Final/LargeSet_20180106/0015-i-ng-60-64-40-24h-16mxP-5mxC-10mxH-4mnH-4Cnt-20171210_23-33-59718.dat, valid & feasible 
./generation/0015-i-ng-60-64-40-24h-16mxP-5mxC-10mxH-4mnH-4Cnt-20171210_23-33-59718-brkga-brkga-g6-p25-e0.3-m0.1-i0.7.json, ../../Instances/Final/LargeSet_20180106/0015-i-ng-60-64-40-24h-16mxP-5mxC-10mxH-4mnH-4Cnt-20171210_23-33-59718.dat, valid & feasible 
./generation/0015-i-ng-60-64-40-24h-16mxP-5mxC-10mxH-4mnH-4Cnt-20171210_23-33-59718-brkga-brkga-g2-p25-e0.3-m0.1-i0.7.json, ../../Instances/Final/LargeSet_20180106/0015-i-ng-60-64-40-24h-16mxP-5mxC-10mxH-4mnH-4Cnt-20171210_23-33-59718.dat, valid & feasible 
./generation/0015-i-ng-60-64-40-24h-16mxP-5mxC-10mxH-4mnH-4Cnt-20171210_23-33-59718-brkga-brkga-g7-p25-e0.3-m0.1-i0.7.json, ../../Instances/Final/LargeSet_20180106/0015-i-ng-60-64-40-24h-16mxP-5mxC-10mxH-4mnH-4Cnt-20171210_23-33-59718.dat, valid & feasible 
./generation/0015-i-ng-60-64-40-24h-16mxP-5mxC-10mxH-4mnH-4Cnt-20171210_23-33-59718-brkga-brkga-g4-p25-e0.3-m0.1-i0.7.json, ../../Instances/Final/LargeSet_20180106/0015-i-ng-60-64-40-24h-16mxP-5mxC-10mxH-4mnH-4Cnt-20171210_23-33-59718.dat, valid & feasible 
./generation/0015-i-ng-60-64-40-24h-16mxP-5mxC-10mxH-4mnH-4Cnt-20171210_23-33-59718-brkga-brkga-g8-p25-e0.3-m0.1-i0.7.json, ../../Instances/Final/LargeSet_20180106/0015-i-ng-60-64-40-24h-16mxP-5mxC-10mxH-4mnH-4Cnt-20171210_23-33-59718.dat, valid & feasible 
./generation/0015-i-ng-60-64-40-24h-16mxP-5mxC-10mxH-4mnH-4Cnt-20171210_23-33-59718-brkga-brkga-g3-p25-e0.3-m0.1-i0.7.json, ../../Instances/Final/LargeSet_20180106/0015-i-ng-60-64-40-24h-16mxP-5mxC-10mxH-4mnH-4Cnt-20171210_23-33-59718.dat, not valid  minHours 
./generation/0015-i-ng-60-64-40-24h-16mxP-5mxC-10mxH-4mnH-4Cnt-20171210_23-33-59718-brkga-brkga-g9-p25-e0.3-m0.1-i0.7.json, ../../Instances/Final/LargeSet_20180106/0015-i-ng-60-64-40-24h-16mxP-5mxC-10mxH-4mnH-4Cnt-20171210_23-33-59718.dat, valid & feasible 
./generation/0015-i-ng-60-64-40-24h-16mxP-5mxC-10mxH-4mnH-4Cnt-20171210_23-33-59718-brkga-brkga-g5-p25-e0.3-m0.1-i0.7.json, ../../Instances/Final/LargeSet_20180106/0015-i-ng-60-64-40-24h-16mxP-5mxC-10mxH-4mnH-4Cnt-20171210_23-33-59718.dat, valid & feasible 
