./mutantprop/0015-i-ng-60-64-40-24h-16mxP-5mxC-10mxH-4mnH-4Cnt-20171210_23-33-59718-brkga-brkga-g5-p100-e0.3-m0.9-i0.7.json, ../../Instances/Final/LargeSet_20180106/0015-i-ng-60-64-40-24h-16mxP-5mxC-10mxH-4mnH-4Cnt-20171210_23-33-59718.dat, valid & feasible 
./mutantprop/0007-i-ng-60-64-40-24h-16mxP-5mxC-10mxH-9mnH-2Cnt-20171210_23-33-58914-brkga-brkga-g5-p100-e0.3-m0.15-i0.7.json, ../../Instances/Final/LargeSet_20180106/0007-i-ng-60-64-40-24h-16mxP-5mxC-10mxH-9mnH-2Cnt-20171210_23-33-58914.dat, not valid  minHours 
./mutantprop/0007-i-ng-60-64-40-24h-16mxP-5mxC-10mxH-9mnH-2Cnt-20171210_23-33-58914-brkga-brkga-g5-p100-e0.3-m0.35-i0.7.json, ../../Instances/Final/LargeSet_20180106/0007-i-ng-60-64-40-24h-16mxP-5mxC-10mxH-9mnH-2Cnt-20171210_23-33-58914.dat, valid & feasible 
./mutantprop/0015-i-ng-60-64-40-24h-16mxP-5mxC-10mxH-4mnH-4Cnt-20171210_23-33-59718-brkga-brkga-g5-p100-e0.3-m0.25-i0.7.json, ../../Instances/Final/LargeSet_20180106/0015-i-ng-60-64-40-24h-16mxP-5mxC-10mxH-4mnH-4Cnt-20171210_23-33-59718.dat, valid & feasible 
./mutantprop/0007-i-ng-60-64-40-24h-16mxP-5mxC-10mxH-9mnH-2Cnt-20171210_23-33-58914-brkga-brkga-g5-p100-e0.3-m0.1-i0.7.json, ../../Instances/Final/LargeSet_20180106/0007-i-ng-60-64-40-24h-16mxP-5mxC-10mxH-9mnH-2Cnt-20171210_23-33-58914.dat, valid & feasible 
./mutantprop/0015-i-ng-60-64-40-24h-16mxP-5mxC-10mxH-4mnH-4Cnt-20171210_23-33-59718-brkga-brkga-g5-p100-e0.3-m0.45-i0.7.json, ../../Instances/Final/LargeSet_20180106/0015-i-ng-60-64-40-24h-16mxP-5mxC-10mxH-4mnH-4Cnt-20171210_23-33-59718.dat, valid & feasible 
./mutantprop/0015-i-ng-60-64-40-24h-16mxP-5mxC-10mxH-4mnH-4Cnt-20171210_23-33-59718-brkga-brkga-g5-p100-e0.3-m0.2-i0.7.json, ../../Instances/Final/LargeSet_20180106/0015-i-ng-60-64-40-24h-16mxP-5mxC-10mxH-4mnH-4Cnt-20171210_23-33-59718.dat, valid & feasible 
./mutantprop/0015-i-ng-60-64-40-24h-16mxP-5mxC-10mxH-4mnH-4Cnt-20171210_23-33-59718-brkga-brkga-g5-p100-e0.3-m0.15-i0.7.json, ../../Instances/Final/LargeSet_20180106/0015-i-ng-60-64-40-24h-16mxP-5mxC-10mxH-4mnH-4Cnt-20171210_23-33-59718.dat, valid & feasible 
./mutantprop/0007-i-ng-60-64-40-24h-16mxP-5mxC-10mxH-9mnH-2Cnt-20171210_23-33-58914-brkga-brkga-g5-p100-e0.3-m0.45-i0.7.json, ../../Instances/Final/LargeSet_20180106/0007-i-ng-60-64-40-24h-16mxP-5mxC-10mxH-9mnH-2Cnt-20171210_23-33-58914.dat, valid & feasible 
./mutantprop/0015-i-ng-60-64-40-24h-16mxP-5mxC-10mxH-4mnH-4Cnt-20171210_23-33-59718-brkga-brkga-g5-p100-e0.3-m0.3-i0.7.json, ../../Instances/Final/LargeSet_20180106/0015-i-ng-60-64-40-24h-16mxP-5mxC-10mxH-4mnH-4Cnt-20171210_23-33-59718.dat, valid & feasible 
./mutantprop/0007-i-ng-60-64-40-24h-16mxP-5mxC-10mxH-9mnH-2Cnt-20171210_23-33-58914-brkga-brkga-g5-p100-e0.3-m0.4-i0.7.json, ../../Instances/Final/LargeSet_20180106/0007-i-ng-60-64-40-24h-16mxP-5mxC-10mxH-9mnH-2Cnt-20171210_23-33-58914.dat, not valid  minHours 
./mutantprop/0007-i-ng-60-64-40-24h-16mxP-5mxC-10mxH-9mnH-2Cnt-20171210_23-33-58914-brkga-brkga-g5-p100-e0.3-m0.5-i0.7.json, ../../Instances/Final/LargeSet_20180106/0007-i-ng-60-64-40-24h-16mxP-5mxC-10mxH-9mnH-2Cnt-20171210_23-33-58914.dat, not valid  minHours 
./mutantprop/0015-i-ng-60-64-40-24h-16mxP-5mxC-10mxH-4mnH-4Cnt-20171210_23-33-59718-brkga-brkga-g5-p100-e0.3-m0.6-i0.7.json, ../../Instances/Final/LargeSet_20180106/0015-i-ng-60-64-40-24h-16mxP-5mxC-10mxH-4mnH-4Cnt-20171210_23-33-59718.dat, valid & feasible 
./mutantprop/0015-i-ng-60-64-40-24h-16mxP-5mxC-10mxH-4mnH-4Cnt-20171210_23-33-59718-brkga-brkga-g5-p100-e0.3-m0.1-i0.7.json, ../../Instances/Final/LargeSet_20180106/0015-i-ng-60-64-40-24h-16mxP-5mxC-10mxH-4mnH-4Cnt-20171210_23-33-59718.dat, valid & feasible 
./mutantprop/0015-i-ng-60-64-40-24h-16mxP-5mxC-10mxH-4mnH-4Cnt-20171210_23-33-59718-brkga-brkga-g5-p100-e0.3-m0.35-i0.7.json, ../../Instances/Final/LargeSet_20180106/0015-i-ng-60-64-40-24h-16mxP-5mxC-10mxH-4mnH-4Cnt-20171210_23-33-59718.dat, valid & feasible 
./mutantprop/0015-i-ng-60-64-40-24h-16mxP-5mxC-10mxH-4mnH-4Cnt-20171210_23-33-59718-brkga-brkga-g5-p100-e0.3-m0.4-i0.7.json, ../../Instances/Final/LargeSet_20180106/0015-i-ng-60-64-40-24h-16mxP-5mxC-10mxH-4mnH-4Cnt-20171210_23-33-59718.dat, valid & feasible 
./mutantprop/0007-i-ng-60-64-40-24h-16mxP-5mxC-10mxH-9mnH-2Cnt-20171210_23-33-58914-brkga-brkga-g5-p100-e0.3-m0.25-i0.7.json, ../../Instances/Final/LargeSet_20180106/0007-i-ng-60-64-40-24h-16mxP-5mxC-10mxH-9mnH-2Cnt-20171210_23-33-58914.dat, not valid  minHours 
./mutantprop/0007-i-ng-60-64-40-24h-16mxP-5mxC-10mxH-9mnH-2Cnt-20171210_23-33-58914-brkga-brkga-g5-p100-e0.3-m0.8-i0.7.json, ../../Instances/Final/LargeSet_20180106/0007-i-ng-60-64-40-24h-16mxP-5mxC-10mxH-9mnH-2Cnt-20171210_23-33-58914.dat, not valid  minHours 
./mutantprop/0007-i-ng-60-64-40-24h-16mxP-5mxC-10mxH-9mnH-2Cnt-20171210_23-33-58914-brkga-brkga-g5-p100-e0.3-m0.9-i0.7.json, ../../Instances/Final/LargeSet_20180106/0007-i-ng-60-64-40-24h-16mxP-5mxC-10mxH-9mnH-2Cnt-20171210_23-33-58914.dat, valid & feasible 
./mutantprop/0015-i-ng-60-64-40-24h-16mxP-5mxC-10mxH-4mnH-4Cnt-20171210_23-33-59718-brkga-brkga-g5-p100-e0.3-m0.8-i0.7.json, ../../Instances/Final/LargeSet_20180106/0015-i-ng-60-64-40-24h-16mxP-5mxC-10mxH-4mnH-4Cnt-20171210_23-33-59718.dat, valid & feasible 
./mutantprop/0007-i-ng-60-64-40-24h-16mxP-5mxC-10mxH-9mnH-2Cnt-20171210_23-33-58914-brkga-brkga-g5-p100-e0.3-m0.6-i0.7.json, ../../Instances/Final/LargeSet_20180106/0007-i-ng-60-64-40-24h-16mxP-5mxC-10mxH-9mnH-2Cnt-20171210_23-33-58914.dat, valid & feasible 
./mutantprop/0015-i-ng-60-64-40-24h-16mxP-5mxC-10mxH-4mnH-4Cnt-20171210_23-33-59718-brkga-brkga-g5-p100-e0.3-m0.7-i0.7.json, ../../Instances/Final/LargeSet_20180106/0015-i-ng-60-64-40-24h-16mxP-5mxC-10mxH-4mnH-4Cnt-20171210_23-33-59718.dat, valid & feasible 
./mutantprop/0007-i-ng-60-64-40-24h-16mxP-5mxC-10mxH-9mnH-2Cnt-20171210_23-33-58914-brkga-brkga-g5-p100-e0.3-m0.7-i0.7.json, ../../Instances/Final/LargeSet_20180106/0007-i-ng-60-64-40-24h-16mxP-5mxC-10mxH-9mnH-2Cnt-20171210_23-33-58914.dat, valid & feasible 
./mutantprop/0007-i-ng-60-64-40-24h-16mxP-5mxC-10mxH-9mnH-2Cnt-20171210_23-33-58914-brkga-brkga-g5-p100-e0.3-m0.3-i0.7.json, ../../Instances/Final/LargeSet_20180106/0007-i-ng-60-64-40-24h-16mxP-5mxC-10mxH-9mnH-2Cnt-20171210_23-33-58914.dat, not valid  minHours 
./mutantprop/0007-i-ng-60-64-40-24h-16mxP-5mxC-10mxH-9mnH-2Cnt-20171210_23-33-58914-brkga-brkga-g5-p100-e0.3-m0.2-i0.7.json, ../../Instances/Final/LargeSet_20180106/0007-i-ng-60-64-40-24h-16mxP-5mxC-10mxH-9mnH-2Cnt-20171210_23-33-58914.dat, not valid  minHours 
./mutantprop/0015-i-ng-60-64-40-24h-16mxP-5mxC-10mxH-4mnH-4Cnt-20171210_23-33-59718-brkga-brkga-g5-p100-e0.3-m0.5-i0.7.json, ../../Instances/Final/LargeSet_20180106/0015-i-ng-60-64-40-24h-16mxP-5mxC-10mxH-4mnH-4Cnt-20171210_23-33-59718.dat, valid & feasible 
./eliteprop/0015-i-ng-60-64-40-24h-16mxP-5mxC-10mxH-4mnH-4Cnt-20171210_23-33-59718-brkga-brkga-g5-p100-e0.8-m0.1-i0.7.json, ../../Instances/Final/LargeSet_20180106/0015-i-ng-60-64-40-24h-16mxP-5mxC-10mxH-4mnH-4Cnt-20171210_23-33-59718.dat, valid & feasible 
./eliteprop/0015-i-ng-60-64-40-24h-16mxP-5mxC-10mxH-4mnH-4Cnt-20171210_23-33-59718-brkga-brkga-g5-p100-e0.1-m0.1-i0.7.json, ../../Instances/Final/LargeSet_20180106/0015-i-ng-60-64-40-24h-16mxP-5mxC-10mxH-4mnH-4Cnt-20171210_23-33-59718.dat, valid & feasible 
./eliteprop/0007-i-ng-60-64-40-24h-16mxP-5mxC-10mxH-9mnH-2Cnt-20171210_23-33-58914-brkga-brkga-g5-p100-e0.4-m0.1-i0.7.json, ../../Instances/Final/LargeSet_20180106/0007-i-ng-60-64-40-24h-16mxP-5mxC-10mxH-9mnH-2Cnt-20171210_23-33-58914.dat, not valid  minHours 
./eliteprop/0015-i-ng-60-64-40-24h-16mxP-5mxC-10mxH-4mnH-4Cnt-20171210_23-33-59718-brkga-brkga-g5-p100-e0.2-m0.1-i0.7.json, ../../Instances/Final/LargeSet_20180106/0015-i-ng-60-64-40-24h-16mxP-5mxC-10mxH-4mnH-4Cnt-20171210_23-33-59718.dat, valid & feasible 
./eliteprop/0007-i-ng-60-64-40-24h-16mxP-5mxC-10mxH-9mnH-2Cnt-20171210_23-33-58914-brkga-brkga-g5-p100-e0.6-m0.1-i0.7.json, ../../Instances/Final/LargeSet_20180106/0007-i-ng-60-64-40-24h-16mxP-5mxC-10mxH-9mnH-2Cnt-20171210_23-33-58914.dat, not valid  minHours 
./eliteprop/0015-i-ng-60-64-40-24h-16mxP-5mxC-10mxH-4mnH-4Cnt-20171210_23-33-59718-brkga-brkga-g5-p100-e0.9-m0.1-i0.7.json, ../../Instances/Final/LargeSet_20180106/0015-i-ng-60-64-40-24h-16mxP-5mxC-10mxH-4mnH-4Cnt-20171210_23-33-59718.dat, valid & feasible 
./eliteprop/0015-i-ng-60-64-40-24h-16mxP-5mxC-10mxH-4mnH-4Cnt-20171210_23-33-59718-brkga-brkga-g5-p100-e0.25-m0.1-i0.7.json, ../../Instances/Final/LargeSet_20180106/0015-i-ng-60-64-40-24h-16mxP-5mxC-10mxH-4mnH-4Cnt-20171210_23-33-59718.dat, valid & feasible 
./eliteprop/0015-i-ng-60-64-40-24h-16mxP-5mxC-10mxH-4mnH-4Cnt-20171210_23-33-59718-brkga-brkga-g5-p100-e0.4-m0.1-i0.7.json, ../../Instances/Final/LargeSet_20180106/0015-i-ng-60-64-40-24h-16mxP-5mxC-10mxH-4mnH-4Cnt-20171210_23-33-59718.dat, valid & feasible 
./eliteprop/0007-i-ng-60-64-40-24h-16mxP-5mxC-10mxH-9mnH-2Cnt-20171210_23-33-58914-brkga-brkga-g5-p100-e0.3-m0.1-i0.7.json, ../../Instances/Final/LargeSet_20180106/0007-i-ng-60-64-40-24h-16mxP-5mxC-10mxH-9mnH-2Cnt-20171210_23-33-58914.dat, not valid  minHours 
./eliteprop/0007-i-ng-60-64-40-24h-16mxP-5mxC-10mxH-9mnH-2Cnt-20171210_23-33-58914-brkga-brkga-g5-p100-e0.7-m0.1-i0.7.json, ../../Instances/Final/LargeSet_20180106/0007-i-ng-60-64-40-24h-16mxP-5mxC-10mxH-9mnH-2Cnt-20171210_23-33-58914.dat, not valid  minHours 
./eliteprop/0007-i-ng-60-64-40-24h-16mxP-5mxC-10mxH-9mnH-2Cnt-20171210_23-33-58914-brkga-brkga-g5-p100-e0.9-m0.1-i0.7.json, ../../Instances/Final/LargeSet_20180106/0007-i-ng-60-64-40-24h-16mxP-5mxC-10mxH-9mnH-2Cnt-20171210_23-33-58914.dat, valid & feasible 
./eliteprop/0007-i-ng-60-64-40-24h-16mxP-5mxC-10mxH-9mnH-2Cnt-20171210_23-33-58914-brkga-brkga-g5-p100-e0.25-m0.1-i0.7.json, ../../Instances/Final/LargeSet_20180106/0007-i-ng-60-64-40-24h-16mxP-5mxC-10mxH-9mnH-2Cnt-20171210_23-33-58914.dat, valid & feasible 
./eliteprop/0007-i-ng-60-64-40-24h-16mxP-5mxC-10mxH-9mnH-2Cnt-20171210_23-33-58914-brkga-brkga-g5-p100-e0.8-m0.1-i0.7.json, ../../Instances/Final/LargeSet_20180106/0007-i-ng-60-64-40-24h-16mxP-5mxC-10mxH-9mnH-2Cnt-20171210_23-33-58914.dat, not valid  minHours 
./eliteprop/0015-i-ng-60-64-40-24h-16mxP-5mxC-10mxH-4mnH-4Cnt-20171210_23-33-59718-brkga-brkga-g5-p100-e0.7-m0.1-i0.7.json, ../../Instances/Final/LargeSet_20180106/0015-i-ng-60-64-40-24h-16mxP-5mxC-10mxH-4mnH-4Cnt-20171210_23-33-59718.dat, valid & feasible 
./eliteprop/0007-i-ng-60-64-40-24h-16mxP-5mxC-10mxH-9mnH-2Cnt-20171210_23-33-58914-brkga-brkga-g5-p100-e0.5-m0.1-i0.7.json, ../../Instances/Final/LargeSet_20180106/0007-i-ng-60-64-40-24h-16mxP-5mxC-10mxH-9mnH-2Cnt-20171210_23-33-58914.dat, not valid  minHours 
./eliteprop/0015-i-ng-60-64-40-24h-16mxP-5mxC-10mxH-4mnH-4Cnt-20171210_23-33-59718-brkga-brkga-g5-p100-e0.45-m0.1-i0.7.json, ../../Instances/Final/LargeSet_20180106/0015-i-ng-60-64-40-24h-16mxP-5mxC-10mxH-4mnH-4Cnt-20171210_23-33-59718.dat, valid & feasible 
./eliteprop/0007-i-ng-60-64-40-24h-16mxP-5mxC-10mxH-9mnH-2Cnt-20171210_23-33-58914-brkga-brkga-g5-p100-e0.15-m0.1-i0.7.json, ../../Instances/Final/LargeSet_20180106/0007-i-ng-60-64-40-24h-16mxP-5mxC-10mxH-9mnH-2Cnt-20171210_23-33-58914.dat, not valid  minHours 
./eliteprop/0015-i-ng-60-64-40-24h-16mxP-5mxC-10mxH-4mnH-4Cnt-20171210_23-33-59718-brkga-brkga-g5-p100-e0.35-m0.1-i0.7.json, ../../Instances/Final/LargeSet_20180106/0015-i-ng-60-64-40-24h-16mxP-5mxC-10mxH-4mnH-4Cnt-20171210_23-33-59718.dat, valid & feasible 
./eliteprop/0007-i-ng-60-64-40-24h-16mxP-5mxC-10mxH-9mnH-2Cnt-20171210_23-33-58914-brkga-brkga-g5-p100-e0.35-m0.1-i0.7.json, ../../Instances/Final/LargeSet_20180106/0007-i-ng-60-64-40-24h-16mxP-5mxC-10mxH-9mnH-2Cnt-20171210_23-33-58914.dat, not valid  minHours 
./eliteprop/0015-i-ng-60-64-40-24h-16mxP-5mxC-10mxH-4mnH-4Cnt-20171210_23-33-59718-brkga-brkga-g5-p100-e0.3-m0.1-i0.7.json, ../../Instances/Final/LargeSet_20180106/0015-i-ng-60-64-40-24h-16mxP-5mxC-10mxH-4mnH-4Cnt-20171210_23-33-59718.dat, valid & feasible 
./eliteprop/0015-i-ng-60-64-40-24h-16mxP-5mxC-10mxH-4mnH-4Cnt-20171210_23-33-59718-brkga-brkga-g5-p100-e0.6-m0.1-i0.7.json, ../../Instances/Final/LargeSet_20180106/0015-i-ng-60-64-40-24h-16mxP-5mxC-10mxH-4mnH-4Cnt-20171210_23-33-59718.dat, valid & feasible 
./eliteprop/0007-i-ng-60-64-40-24h-16mxP-5mxC-10mxH-9mnH-2Cnt-20171210_23-33-58914-brkga-brkga-g5-p100-e0.1-m0.1-i0.7.json, ../../Instances/Final/LargeSet_20180106/0007-i-ng-60-64-40-24h-16mxP-5mxC-10mxH-9mnH-2Cnt-20171210_23-33-58914.dat, not valid  minHours 
./eliteprop/0015-i-ng-60-64-40-24h-16mxP-5mxC-10mxH-4mnH-4Cnt-20171210_23-33-59718-brkga-brkga-g5-p100-e0.5-m0.1-i0.7.json, ../../Instances/Final/LargeSet_20180106/0015-i-ng-60-64-40-24h-16mxP-5mxC-10mxH-4mnH-4Cnt-20171210_23-33-59718.dat, valid & feasible 
./eliteprop/0007-i-ng-60-64-40-24h-16mxP-5mxC-10mxH-9mnH-2Cnt-20171210_23-33-58914-brkga-brkga-g5-p100-e0.45-m0.1-i0.7.json, ../../Instances/Final/LargeSet_20180106/0007-i-ng-60-64-40-24h-16mxP-5mxC-10mxH-9mnH-2Cnt-20171210_23-33-58914.dat, valid & feasible 
./eliteprop/0015-i-ng-60-64-40-24h-16mxP-5mxC-10mxH-4mnH-4Cnt-20171210_23-33-59718-brkga-brkga-g5-p100-e0.15-m0.1-i0.7.json, ../../Instances/Final/LargeSet_20180106/0015-i-ng-60-64-40-24h-16mxP-5mxC-10mxH-4mnH-4Cnt-20171210_23-33-59718.dat, valid & feasible 
./eliteprop/0007-i-ng-60-64-40-24h-16mxP-5mxC-10mxH-9mnH-2Cnt-20171210_23-33-58914-brkga-brkga-g5-p100-e0.2-m0.1-i0.7.json, ../../Instances/Final/LargeSet_20180106/0007-i-ng-60-64-40-24h-16mxP-5mxC-10mxH-9mnH-2Cnt-20171210_23-33-58914.dat, not valid  minHours 
./inheritance/0007-i-ng-60-64-40-24h-16mxP-5mxC-10mxH-9mnH-2Cnt-20171210_23-33-58914-brkga-brkga-g5-p100-e0.3-m0.1-i0.75.json, ../../Instances/Final/LargeSet_20180106/0007-i-ng-60-64-40-24h-16mxP-5mxC-10mxH-9mnH-2Cnt-20171210_23-33-58914.dat, valid & feasible 
./inheritance/0007-i-ng-60-64-40-24h-16mxP-5mxC-10mxH-9mnH-2Cnt-20171210_23-33-58914-brkga-brkga-g5-p100-e0.3-m0.1-i0.9.json, ../../Instances/Final/LargeSet_20180106/0007-i-ng-60-64-40-24h-16mxP-5mxC-10mxH-9mnH-2Cnt-20171210_23-33-58914.dat, not valid  minHours 
./inheritance/0015-i-ng-60-64-40-24h-16mxP-5mxC-10mxH-4mnH-4Cnt-20171210_23-33-59718-brkga-brkga-g5-p100-e0.3-m0.1-i0.6.json, ../../Instances/Final/LargeSet_20180106/0015-i-ng-60-64-40-24h-16mxP-5mxC-10mxH-4mnH-4Cnt-20171210_23-33-59718.dat, valid & feasible 
./inheritance/0007-i-ng-60-64-40-24h-16mxP-5mxC-10mxH-9mnH-2Cnt-20171210_23-33-58914-brkga-brkga-g5-p100-e0.3-m0.1-i0.8.json, ../../Instances/Final/LargeSet_20180106/0007-i-ng-60-64-40-24h-16mxP-5mxC-10mxH-9mnH-2Cnt-20171210_23-33-58914.dat, not valid  minHours 
./inheritance/0007-i-ng-60-64-40-24h-16mxP-5mxC-10mxH-9mnH-2Cnt-20171210_23-33-58914-brkga-brkga-g5-p100-e0.3-m0.1-i0.85.json, ../../Instances/Final/LargeSet_20180106/0007-i-ng-60-64-40-24h-16mxP-5mxC-10mxH-9mnH-2Cnt-20171210_23-33-58914.dat, not valid  minHours 
./inheritance/0007-i-ng-60-64-40-24h-16mxP-5mxC-10mxH-9mnH-2Cnt-20171210_23-33-58914-brkga-brkga-g5-p100-e0.3-m0.1-i0.7.json, ../../Instances/Final/LargeSet_20180106/0007-i-ng-60-64-40-24h-16mxP-5mxC-10mxH-9mnH-2Cnt-20171210_23-33-58914.dat, not valid  minHours 
./inheritance/0015-i-ng-60-64-40-24h-16mxP-5mxC-10mxH-4mnH-4Cnt-20171210_23-33-59718-brkga-brkga-g5-p100-e0.3-m0.1-i0.8.json, ../../Instances/Final/LargeSet_20180106/0015-i-ng-60-64-40-24h-16mxP-5mxC-10mxH-4mnH-4Cnt-20171210_23-33-59718.dat, valid & feasible 
./inheritance/0007-i-ng-60-64-40-24h-16mxP-5mxC-10mxH-9mnH-2Cnt-20171210_23-33-58914-brkga-brkga-g5-p100-e0.3-m0.1-i0.1.json, ../../Instances/Final/LargeSet_20180106/0007-i-ng-60-64-40-24h-16mxP-5mxC-10mxH-9mnH-2Cnt-20171210_23-33-58914.dat, valid & feasible 
./inheritance/0015-i-ng-60-64-40-24h-16mxP-5mxC-10mxH-4mnH-4Cnt-20171210_23-33-59718-brkga-brkga-g5-p100-e0.3-m0.1-i0.1.json, ../../Instances/Final/LargeSet_20180106/0015-i-ng-60-64-40-24h-16mxP-5mxC-10mxH-4mnH-4Cnt-20171210_23-33-59718.dat, valid & feasible 
./inheritance/0007-i-ng-60-64-40-24h-16mxP-5mxC-10mxH-9mnH-2Cnt-20171210_23-33-58914-brkga-brkga-g5-p100-e0.3-m0.1-i0.2.json, ../../Instances/Final/LargeSet_20180106/0007-i-ng-60-64-40-24h-16mxP-5mxC-10mxH-9mnH-2Cnt-20171210_23-33-58914.dat, not valid  minHours 
./inheritance/0015-i-ng-60-64-40-24h-16mxP-5mxC-10mxH-4mnH-4Cnt-20171210_23-33-59718-brkga-brkga-g5-p100-e0.3-m0.1-i0.2.json, ../../Instances/Final/LargeSet_20180106/0015-i-ng-60-64-40-24h-16mxP-5mxC-10mxH-4mnH-4Cnt-20171210_23-33-59718.dat, valid & feasible 
./inheritance/0007-i-ng-60-64-40-24h-16mxP-5mxC-10mxH-9mnH-2Cnt-20171210_23-33-58914-brkga-brkga-g5-p100-e0.3-m0.1-i0.4.json, ../../Instances/Final/LargeSet_20180106/0007-i-ng-60-64-40-24h-16mxP-5mxC-10mxH-9mnH-2Cnt-20171210_23-33-58914.dat, not valid  minHours 
./inheritance/0015-i-ng-60-64-40-24h-16mxP-5mxC-10mxH-4mnH-4Cnt-20171210_23-33-59718-brkga-brkga-g5-p100-e0.3-m0.1-i0.7.json, ../../Instances/Final/LargeSet_20180106/0015-i-ng-60-64-40-24h-16mxP-5mxC-10mxH-4mnH-4Cnt-20171210_23-33-59718.dat, valid & feasible 
./inheritance/0015-i-ng-60-64-40-24h-16mxP-5mxC-10mxH-4mnH-4Cnt-20171210_23-33-59718-brkga-brkga-g5-p100-e0.3-m0.1-i0.75.json, ../../Instances/Final/LargeSet_20180106/0015-i-ng-60-64-40-24h-16mxP-5mxC-10mxH-4mnH-4Cnt-20171210_23-33-59718.dat, valid & feasible 
./inheritance/0015-i-ng-60-64-40-24h-16mxP-5mxC-10mxH-4mnH-4Cnt-20171210_23-33-59718-brkga-brkga-g5-p100-e0.3-m0.1-i0.4.json, ../../Instances/Final/LargeSet_20180106/0015-i-ng-60-64-40-24h-16mxP-5mxC-10mxH-4mnH-4Cnt-20171210_23-33-59718.dat, valid & feasible 
./inheritance/0007-i-ng-60-64-40-24h-16mxP-5mxC-10mxH-9mnH-2Cnt-20171210_23-33-58914-brkga-brkga-g5-p100-e0.3-m0.1-i0.5.json, ../../Instances/Final/LargeSet_20180106/0007-i-ng-60-64-40-24h-16mxP-5mxC-10mxH-9mnH-2Cnt-20171210_23-33-58914.dat, valid & feasible 
./inheritance/0015-i-ng-60-64-40-24h-16mxP-5mxC-10mxH-4mnH-4Cnt-20171210_23-33-59718-brkga-brkga-g5-p100-e0.3-m0.1-i0.9.json, ../../Instances/Final/LargeSet_20180106/0015-i-ng-60-64-40-24h-16mxP-5mxC-10mxH-4mnH-4Cnt-20171210_23-33-59718.dat, valid & feasible 
./inheritance/0015-i-ng-60-64-40-24h-16mxP-5mxC-10mxH-4mnH-4Cnt-20171210_23-33-59718-brkga-brkga-g5-p100-e0.3-m0.1-i0.85.json, ../../Instances/Final/LargeSet_20180106/0015-i-ng-60-64-40-24h-16mxP-5mxC-10mxH-4mnH-4Cnt-20171210_23-33-59718.dat, valid & feasible 
./inheritance/0015-i-ng-60-64-40-24h-16mxP-5mxC-10mxH-4mnH-4Cnt-20171210_23-33-59718-brkga-brkga-g5-p100-e0.3-m0.1-i0.3.json, ../../Instances/Final/LargeSet_20180106/0015-i-ng-60-64-40-24h-16mxP-5mxC-10mxH-4mnH-4Cnt-20171210_23-33-59718.dat, valid & feasible 
./inheritance/0007-i-ng-60-64-40-24h-16mxP-5mxC-10mxH-9mnH-2Cnt-20171210_23-33-58914-brkga-brkga-g5-p100-e0.3-m0.1-i0.3.json, ../../Instances/Final/LargeSet_20180106/0007-i-ng-60-64-40-24h-16mxP-5mxC-10mxH-9mnH-2Cnt-20171210_23-33-58914.dat, not valid  minHours 
./inheritance/0015-i-ng-60-64-40-24h-16mxP-5mxC-10mxH-4mnH-4Cnt-20171210_23-33-59718-brkga-brkga-g5-p100-e0.3-m0.1-i0.5.json, ../../Instances/Final/LargeSet_20180106/0015-i-ng-60-64-40-24h-16mxP-5mxC-10mxH-4mnH-4Cnt-20171210_23-33-59718.dat, valid & feasible 
./inheritance/0007-i-ng-60-64-40-24h-16mxP-5mxC-10mxH-9mnH-2Cnt-20171210_23-33-58914-brkga-brkga-g5-p100-e0.3-m0.1-i0.6.json, ../../Instances/Final/LargeSet_20180106/0007-i-ng-60-64-40-24h-16mxP-5mxC-10mxH-9mnH-2Cnt-20171210_23-33-58914.dat, valid & feasible 
./generation/0015-i-ng-60-64-40-24h-16mxP-5mxC-10mxH-4mnH-4Cnt-20171210_23-33-59718-brkga-brkga-g22-p100-e0.3-m0.1-i0.7.json, ../../Instances/Final/LargeSet_20180106/0015-i-ng-60-64-40-24h-16mxP-5mxC-10mxH-4mnH-4Cnt-20171210_23-33-59718.dat, valid & feasible 
./generation/0015-i-ng-60-64-40-24h-16mxP-5mxC-10mxH-4mnH-4Cnt-20171210_23-33-59718-brkga-brkga-g6-p100-e0.3-m0.1-i0.7.json, ../../Instances/Final/LargeSet_20180106/0015-i-ng-60-64-40-24h-16mxP-5mxC-10mxH-4mnH-4Cnt-20171210_23-33-59718.dat, valid & feasible 
./generation/0007-i-ng-60-64-40-24h-16mxP-5mxC-10mxH-9mnH-2Cnt-20171210_23-33-58914-brkga-brkga-g20-p100-e0.3-m0.1-i0.7.json, ../../Instances/Final/LargeSet_20180106/0007-i-ng-60-64-40-24h-16mxP-5mxC-10mxH-9mnH-2Cnt-20171210_23-33-58914.dat, valid & feasible 
./generation/0015-i-ng-60-64-40-24h-16mxP-5mxC-10mxH-4mnH-4Cnt-20171210_23-33-59718-brkga-brkga-g13-p100-e0.3-m0.1-i0.7.json, ../../Instances/Final/LargeSet_20180106/0015-i-ng-60-64-40-24h-16mxP-5mxC-10mxH-4mnH-4Cnt-20171210_23-33-59718.dat, valid & feasible 
./generation/0015-i-ng-60-64-40-24h-16mxP-5mxC-10mxH-4mnH-4Cnt-20171210_23-33-59718-brkga-brkga-g7-p100-e0.3-m0.1-i0.7.json, ../../Instances/Final/LargeSet_20180106/0015-i-ng-60-64-40-24h-16mxP-5mxC-10mxH-4mnH-4Cnt-20171210_23-33-59718.dat, valid & feasible 
./generation/0015-i-ng-60-64-40-24h-16mxP-5mxC-10mxH-4mnH-4Cnt-20171210_23-33-59718-brkga-brkga-g16-p100-e0.3-m0.1-i0.7.json, ../../Instances/Final/LargeSet_20180106/0015-i-ng-60-64-40-24h-16mxP-5mxC-10mxH-4mnH-4Cnt-20171210_23-33-59718.dat, valid & feasible 
./generation/0007-i-ng-60-64-40-24h-16mxP-5mxC-10mxH-9mnH-2Cnt-20171210_23-33-58914-brkga-brkga-g5-p100-e0.3-m0.1-i0.7.json, ../../Instances/Final/LargeSet_20180106/0007-i-ng-60-64-40-24h-16mxP-5mxC-10mxH-9mnH-2Cnt-20171210_23-33-58914.dat, valid & feasible 
./generation/0007-i-ng-60-64-40-24h-16mxP-5mxC-10mxH-9mnH-2Cnt-20171210_23-33-58914-brkga-brkga-g23-p100-e0.3-m0.1-i0.7.json, ../../Instances/Final/LargeSet_20180106/0007-i-ng-60-64-40-24h-16mxP-5mxC-10mxH-9mnH-2Cnt-20171210_23-33-58914.dat, valid & feasible 
./generation/0015-i-ng-60-64-40-24h-16mxP-5mxC-10mxH-4mnH-4Cnt-20171210_23-33-59718-brkga-brkga-g24-p100-e0.3-m0.1-i0.7.json, ../../Instances/Final/LargeSet_20180106/0015-i-ng-60-64-40-24h-16mxP-5mxC-10mxH-4mnH-4Cnt-20171210_23-33-59718.dat, valid & feasible 
./generation/0015-i-ng-60-64-40-24h-16mxP-5mxC-10mxH-4mnH-4Cnt-20171210_23-33-59718-brkga-brkga-g11-p100-e0.3-m0.1-i0.7.json, ../../Instances/Final/LargeSet_20180106/0015-i-ng-60-64-40-24h-16mxP-5mxC-10mxH-4mnH-4Cnt-20171210_23-33-59718.dat, valid & feasible 
./generation/i-ng-60-800-500-72h-27mxP-13mxC-12mxH-9mnH-3Cnt-20180105_12-30-43693-brkga-brkga-g10-p100-e0.3-m0.1-i0.7.json, ../../Instances/Final/LargeSet_20180106/i-ng-60-800-500-72h-27mxP-13mxC-12mxH-9mnH-3Cnt-20180105_12-30-43693.dat, valid & feasible 
./generation/0015-i-ng-60-64-40-24h-16mxP-5mxC-10mxH-4mnH-4Cnt-20171210_23-33-59718-brkga-brkga-g18-p100-e0.3-m0.1-i0.7.json, ../../Instances/Final/LargeSet_20180106/0015-i-ng-60-64-40-24h-16mxP-5mxC-10mxH-4mnH-4Cnt-20171210_23-33-59718.dat, valid & feasible 
./generation/0007-i-ng-60-64-40-24h-16mxP-5mxC-10mxH-9mnH-2Cnt-20171210_23-33-58914-brkga-brkga-g14-p100-e0.3-m0.1-i0.7.json, ../../Instances/Final/LargeSet_20180106/0007-i-ng-60-64-40-24h-16mxP-5mxC-10mxH-9mnH-2Cnt-20171210_23-33-58914.dat, valid & feasible 
./generation/i-ng-60-800-500-72h-27mxP-13mxC-12mxH-9mnH-3Cnt-20180105_12-30-43693-brkga-brkga-g13-p100-e0.3-m0.1-i0.7.json, ../../Instances/Final/LargeSet_20180106/i-ng-60-800-500-72h-27mxP-13mxC-12mxH-9mnH-3Cnt-20180105_12-30-43693.dat, valid & feasible 
./generation/0015-i-ng-60-64-40-24h-16mxP-5mxC-10mxH-4mnH-4Cnt-20171210_23-33-59718-brkga-brkga-g12-p100-e0.3-m0.1-i0.7.json, ../../Instances/Final/LargeSet_20180106/0015-i-ng-60-64-40-24h-16mxP-5mxC-10mxH-4mnH-4Cnt-20171210_23-33-59718.dat, valid & feasible 
./generation/0007-i-ng-60-64-40-24h-16mxP-5mxC-10mxH-9mnH-2Cnt-20171210_23-33-58914-brkga-brkga-g13-p100-e0.3-m0.1-i0.7.json, ../../Instances/Final/LargeSet_20180106/0007-i-ng-60-64-40-24h-16mxP-5mxC-10mxH-9mnH-2Cnt-20171210_23-33-58914.dat, not valid  minHours 
./generation/i-ng-60-800-500-72h-27mxP-13mxC-12mxH-9mnH-3Cnt-20180105_12-30-43693-brkga-brkga-g9-p100-e0.3-m0.1-i0.7.json, ../../Instances/Final/LargeSet_20180106/i-ng-60-800-500-72h-27mxP-13mxC-12mxH-9mnH-3Cnt-20180105_12-30-43693.dat, valid & feasible 
./generation/0015-i-ng-60-64-40-24h-16mxP-5mxC-10mxH-4mnH-4Cnt-20171210_23-33-59718-brkga-brkga-g20-p100-e0.3-m0.1-i0.7.json, ../../Instances/Final/LargeSet_20180106/0015-i-ng-60-64-40-24h-16mxP-5mxC-10mxH-4mnH-4Cnt-20171210_23-33-59718.dat, valid & feasible 
./generation/i-ng-60-800-500-72h-27mxP-13mxC-12mxH-9mnH-3Cnt-20180105_12-30-43693-brkga-brkga-g14-p100-e0.3-m0.1-i0.7.json, ../../Instances/Final/LargeSet_20180106/i-ng-60-800-500-72h-27mxP-13mxC-12mxH-9mnH-3Cnt-20180105_12-30-43693.dat, valid & feasible 
./generation/0007-i-ng-60-64-40-24h-16mxP-5mxC-10mxH-9mnH-2Cnt-20171210_23-33-58914-brkga-brkga-g12-p100-e0.3-m0.1-i0.7.json, ../../Instances/Final/LargeSet_20180106/0007-i-ng-60-64-40-24h-16mxP-5mxC-10mxH-9mnH-2Cnt-20171210_23-33-58914.dat, not valid  minHours 
./generation/0007-i-ng-60-64-40-24h-16mxP-5mxC-10mxH-9mnH-2Cnt-20171210_23-33-58914-brkga-brkga-g9-p100-e0.3-m0.1-i0.7.json, ../../Instances/Final/LargeSet_20180106/0007-i-ng-60-64-40-24h-16mxP-5mxC-10mxH-9mnH-2Cnt-20171210_23-33-58914.dat, valid & feasible 
./generation/0015-i-ng-60-64-40-24h-16mxP-5mxC-10mxH-4mnH-4Cnt-20171210_23-33-59718-brkga-brkga-g5-p100-e0.3-m0.1-i0.7.json, ../../Instances/Final/LargeSet_20180106/0015-i-ng-60-64-40-24h-16mxP-5mxC-10mxH-4mnH-4Cnt-20171210_23-33-59718.dat, valid & feasible 
./generation/0007-i-ng-60-64-40-24h-16mxP-5mxC-10mxH-9mnH-2Cnt-20171210_23-33-58914-brkga-brkga-g8-p100-e0.3-m0.1-i0.7.json, ../../Instances/Final/LargeSet_20180106/0007-i-ng-60-64-40-24h-16mxP-5mxC-10mxH-9mnH-2Cnt-20171210_23-33-58914.dat, valid & feasible 
./generation/0015-i-ng-60-64-40-24h-16mxP-5mxC-10mxH-4mnH-4Cnt-20171210_23-33-59718-brkga-brkga-g19-p100-e0.3-m0.1-i0.7.json, ../../Instances/Final/LargeSet_20180106/0015-i-ng-60-64-40-24h-16mxP-5mxC-10mxH-4mnH-4Cnt-20171210_23-33-59718.dat, valid & feasible 
./generation/i-ng-60-800-500-72h-27mxP-13mxC-12mxH-9mnH-3Cnt-20180105_12-30-43693-brkga-brkga-g12-p100-e0.3-m0.1-i0.7.json, ../../Instances/Final/LargeSet_20180106/i-ng-60-800-500-72h-27mxP-13mxC-12mxH-9mnH-3Cnt-20180105_12-30-43693.dat, valid & feasible 
./generation/0007-i-ng-60-64-40-24h-16mxP-5mxC-10mxH-9mnH-2Cnt-20171210_23-33-58914-brkga-brkga-g10-p100-e0.3-m0.1-i0.7.json, ../../Instances/Final/LargeSet_20180106/0007-i-ng-60-64-40-24h-16mxP-5mxC-10mxH-9mnH-2Cnt-20171210_23-33-58914.dat, not valid  minHours 
./generation/i-ng-60-800-500-72h-27mxP-13mxC-12mxH-9mnH-3Cnt-20180105_12-30-43693-brkga-brkga-g7-p100-e0.3-m0.1-i0.7.json, ../../Instances/Final/LargeSet_20180106/i-ng-60-800-500-72h-27mxP-13mxC-12mxH-9mnH-3Cnt-20180105_12-30-43693.dat, valid & feasible 
./generation/0015-i-ng-60-64-40-24h-16mxP-5mxC-10mxH-4mnH-4Cnt-20171210_23-33-59718-brkga-brkga-g14-p100-e0.3-m0.1-i0.7.json, ../../Instances/Final/LargeSet_20180106/0015-i-ng-60-64-40-24h-16mxP-5mxC-10mxH-4mnH-4Cnt-20171210_23-33-59718.dat, valid & feasible 
./generation/0007-i-ng-60-64-40-24h-16mxP-5mxC-10mxH-9mnH-2Cnt-20171210_23-33-58914-brkga-brkga-g21-p100-e0.3-m0.1-i0.7.json, ../../Instances/Final/LargeSet_20180106/0007-i-ng-60-64-40-24h-16mxP-5mxC-10mxH-9mnH-2Cnt-20171210_23-33-58914.dat, valid & feasible 
./generation/i-ng-60-800-500-72h-27mxP-13mxC-12mxH-9mnH-3Cnt-20180105_12-30-43693-brkga-brkga-g6-p100-e0.3-m0.1-i0.7.json, ../../Instances/Final/LargeSet_20180106/i-ng-60-800-500-72h-27mxP-13mxC-12mxH-9mnH-3Cnt-20180105_12-30-43693.dat, valid & feasible 
./generation/0015-i-ng-60-64-40-24h-16mxP-5mxC-10mxH-4mnH-4Cnt-20171210_23-33-59718-brkga-brkga-g15-p100-e0.3-m0.1-i0.7.json, ../../Instances/Final/LargeSet_20180106/0015-i-ng-60-64-40-24h-16mxP-5mxC-10mxH-4mnH-4Cnt-20171210_23-33-59718.dat, valid & feasible 
./generation/0007-i-ng-60-64-40-24h-16mxP-5mxC-10mxH-9mnH-2Cnt-20171210_23-33-58914-brkga-brkga-g17-p100-e0.3-m0.1-i0.7.json, ../../Instances/Final/LargeSet_20180106/0007-i-ng-60-64-40-24h-16mxP-5mxC-10mxH-9mnH-2Cnt-20171210_23-33-58914.dat, not valid  minHours 
./generation/0007-i-ng-60-64-40-24h-16mxP-5mxC-10mxH-9mnH-2Cnt-20171210_23-33-58914-brkga-brkga-g6-p100-e0.3-m0.1-i0.7.json, ../../Instances/Final/LargeSet_20180106/0007-i-ng-60-64-40-24h-16mxP-5mxC-10mxH-9mnH-2Cnt-20171210_23-33-58914.dat, not valid  minHours 
./generation/0007-i-ng-60-64-40-24h-16mxP-5mxC-10mxH-9mnH-2Cnt-20171210_23-33-58914-brkga-brkga-g16-p100-e0.3-m0.1-i0.7.json, ../../Instances/Final/LargeSet_20180106/0007-i-ng-60-64-40-24h-16mxP-5mxC-10mxH-9mnH-2Cnt-20171210_23-33-58914.dat, not valid  minHours 
./generation/0015-i-ng-60-64-40-24h-16mxP-5mxC-10mxH-4mnH-4Cnt-20171210_23-33-59718-brkga-brkga-g21-p100-e0.3-m0.1-i0.7.json, ../../Instances/Final/LargeSet_20180106/0015-i-ng-60-64-40-24h-16mxP-5mxC-10mxH-4mnH-4Cnt-20171210_23-33-59718.dat, valid & feasible 
./generation/i-ng-60-800-500-72h-27mxP-13mxC-12mxH-9mnH-3Cnt-20180105_12-30-43693-brkga-brkga-g11-p100-e0.3-m0.1-i0.7.json, ../../Instances/Final/LargeSet_20180106/i-ng-60-800-500-72h-27mxP-13mxC-12mxH-9mnH-3Cnt-20180105_12-30-43693.dat, valid & feasible 
./generation/0007-i-ng-60-64-40-24h-16mxP-5mxC-10mxH-9mnH-2Cnt-20171210_23-33-58914-brkga-brkga-g24-p100-e0.3-m0.1-i0.7.json, ../../Instances/Final/LargeSet_20180106/0007-i-ng-60-64-40-24h-16mxP-5mxC-10mxH-9mnH-2Cnt-20171210_23-33-58914.dat, not valid  minHours 
./generation/0007-i-ng-60-64-40-24h-16mxP-5mxC-10mxH-9mnH-2Cnt-20171210_23-33-58914-brkga-brkga-g7-p100-e0.3-m0.1-i0.7.json, ../../Instances/Final/LargeSet_20180106/0007-i-ng-60-64-40-24h-16mxP-5mxC-10mxH-9mnH-2Cnt-20171210_23-33-58914.dat, not valid  minHours 
./generation/0015-i-ng-60-64-40-24h-16mxP-5mxC-10mxH-4mnH-4Cnt-20171210_23-33-59718-brkga-brkga-g8-p100-e0.3-m0.1-i0.7.json, ../../Instances/Final/LargeSet_20180106/0015-i-ng-60-64-40-24h-16mxP-5mxC-10mxH-4mnH-4Cnt-20171210_23-33-59718.dat, valid & feasible 
./generation/0015-i-ng-60-64-40-24h-16mxP-5mxC-10mxH-4mnH-4Cnt-20171210_23-33-59718-brkga-brkga-g17-p100-e0.3-m0.1-i0.7.json, ../../Instances/Final/LargeSet_20180106/0015-i-ng-60-64-40-24h-16mxP-5mxC-10mxH-4mnH-4Cnt-20171210_23-33-59718.dat, valid & feasible 
./generation/0007-i-ng-60-64-40-24h-16mxP-5mxC-10mxH-9mnH-2Cnt-20171210_23-33-58914-brkga-brkga-g15-p100-e0.3-m0.1-i0.7.json, ../../Instances/Final/LargeSet_20180106/0007-i-ng-60-64-40-24h-16mxP-5mxC-10mxH-9mnH-2Cnt-20171210_23-33-58914.dat, not valid  minHours 
./generation/i-ng-60-800-500-72h-27mxP-13mxC-12mxH-9mnH-3Cnt-20180105_12-30-43693-brkga-brkga-g8-p100-e0.3-m0.1-i0.7.json, ../../Instances/Final/LargeSet_20180106/i-ng-60-800-500-72h-27mxP-13mxC-12mxH-9mnH-3Cnt-20180105_12-30-43693.dat, valid & feasible 
./generation/0007-i-ng-60-64-40-24h-16mxP-5mxC-10mxH-9mnH-2Cnt-20171210_23-33-58914-brkga-brkga-g11-p100-e0.3-m0.1-i0.7.json, ../../Instances/Final/LargeSet_20180106/0007-i-ng-60-64-40-24h-16mxP-5mxC-10mxH-9mnH-2Cnt-20171210_23-33-58914.dat, not valid  minHours 
./generation/i-ng-60-800-500-72h-27mxP-13mxC-12mxH-9mnH-3Cnt-20180105_12-30-43693-brkga-brkga-g5-p100-e0.3-m0.1-i0.7.json, ../../Instances/Final/LargeSet_20180106/i-ng-60-800-500-72h-27mxP-13mxC-12mxH-9mnH-3Cnt-20180105_12-30-43693.dat, valid & feasible 
./generation/0015-i-ng-60-64-40-24h-16mxP-5mxC-10mxH-4mnH-4Cnt-20171210_23-33-59718-brkga-brkga-g10-p100-e0.3-m0.1-i0.7.json, ../../Instances/Final/LargeSet_20180106/0015-i-ng-60-64-40-24h-16mxP-5mxC-10mxH-4mnH-4Cnt-20171210_23-33-59718.dat, valid & feasible 
./generation/0015-i-ng-60-64-40-24h-16mxP-5mxC-10mxH-4mnH-4Cnt-20171210_23-33-59718-brkga-brkga-g9-p100-e0.3-m0.1-i0.7.json, ../../Instances/Final/LargeSet_20180106/0015-i-ng-60-64-40-24h-16mxP-5mxC-10mxH-4mnH-4Cnt-20171210_23-33-59718.dat, valid & feasible 
./generation/0007-i-ng-60-64-40-24h-16mxP-5mxC-10mxH-9mnH-2Cnt-20171210_23-33-58914-brkga-brkga-g18-p100-e0.3-m0.1-i0.7.json, ../../Instances/Final/LargeSet_20180106/0007-i-ng-60-64-40-24h-16mxP-5mxC-10mxH-9mnH-2Cnt-20171210_23-33-58914.dat, not valid  minHours 
./generation/0015-i-ng-60-64-40-24h-16mxP-5mxC-10mxH-4mnH-4Cnt-20171210_23-33-59718-brkga-brkga-g23-p100-e0.3-m0.1-i0.7.json, ../../Instances/Final/LargeSet_20180106/0015-i-ng-60-64-40-24h-16mxP-5mxC-10mxH-4mnH-4Cnt-20171210_23-33-59718.dat, valid & feasible 
./generation/0007-i-ng-60-64-40-24h-16mxP-5mxC-10mxH-9mnH-2Cnt-20171210_23-33-58914-brkga-brkga-g22-p100-e0.3-m0.1-i0.7.json, ../../Instances/Final/LargeSet_20180106/0007-i-ng-60-64-40-24h-16mxP-5mxC-10mxH-9mnH-2Cnt-20171210_23-33-58914.dat, valid & feasible 
./generation/i-ng-60-800-500-72h-27mxP-13mxC-12mxH-9mnH-3Cnt-20180105_12-30-43693-brkga-brkga-g15-p100-e0.3-m0.1-i0.7.json, ../../Instances/Final/LargeSet_20180106/i-ng-60-800-500-72h-27mxP-13mxC-12mxH-9mnH-3Cnt-20180105_12-30-43693.dat, valid & feasible 
./generation/0007-i-ng-60-64-40-24h-16mxP-5mxC-10mxH-9mnH-2Cnt-20171210_23-33-58914-brkga-brkga-g19-p100-e0.3-m0.1-i0.7.json, ../../Instances/Final/LargeSet_20180106/0007-i-ng-60-64-40-24h-16mxP-5mxC-10mxH-9mnH-2Cnt-20171210_23-33-58914.dat, not valid  minHours 
./population/0015-i-ng-60-64-40-24h-16mxP-5mxC-10mxH-4mnH-4Cnt-20171210_23-33-59718-brkga-brkga-g5-p50-e0.3-m0.1-i0.7.json, ../../Instances/Final/LargeSet_20180106/0015-i-ng-60-64-40-24h-16mxP-5mxC-10mxH-4mnH-4Cnt-20171210_23-33-59718.dat, valid & feasible 
./population/0015-i-ng-60-64-40-24h-16mxP-5mxC-10mxH-4mnH-4Cnt-20171210_23-33-59718-brkga-brkga-g5-p75-e0.3-m0.1-i0.7.json, ../../Instances/Final/LargeSet_20180106/0015-i-ng-60-64-40-24h-16mxP-5mxC-10mxH-4mnH-4Cnt-20171210_23-33-59718.dat, valid & feasible 
./population/0007-i-ng-60-64-40-24h-16mxP-5mxC-10mxH-9mnH-2Cnt-20171210_23-33-58914-brkga-brkga-g5-p225-e0.3-m0.1-i0.7.json, ../../Instances/Final/LargeSet_20180106/0007-i-ng-60-64-40-24h-16mxP-5mxC-10mxH-9mnH-2Cnt-20171210_23-33-58914.dat, not valid  minHours 
./population/0007-i-ng-60-64-40-24h-16mxP-5mxC-10mxH-9mnH-2Cnt-20171210_23-33-58914-brkga-brkga-g5-p250-e0.3-m0.1-i0.7.json, ../../Instances/Final/LargeSet_20180106/0007-i-ng-60-64-40-24h-16mxP-5mxC-10mxH-9mnH-2Cnt-20171210_23-33-58914.dat, not valid  minHours 
./population/0015-i-ng-60-64-40-24h-16mxP-5mxC-10mxH-4mnH-4Cnt-20171210_23-33-59718-brkga-brkga-g5-p150-e0.3-m0.1-i0.7.json, ../../Instances/Final/LargeSet_20180106/0015-i-ng-60-64-40-24h-16mxP-5mxC-10mxH-4mnH-4Cnt-20171210_23-33-59718.dat, valid & feasible 
./population/0007-i-ng-60-64-40-24h-16mxP-5mxC-10mxH-9mnH-2Cnt-20171210_23-33-58914-brkga-brkga-g5-p100-e0.3-m0.1-i0.7.json, ../../Instances/Final/LargeSet_20180106/0007-i-ng-60-64-40-24h-16mxP-5mxC-10mxH-9mnH-2Cnt-20171210_23-33-58914.dat, valid & feasible 
./population/0007-i-ng-60-64-40-24h-16mxP-5mxC-10mxH-9mnH-2Cnt-20171210_23-33-58914-brkga-brkga-g5-p150-e0.3-m0.1-i0.7.json, ../../Instances/Final/LargeSet_20180106/0007-i-ng-60-64-40-24h-16mxP-5mxC-10mxH-9mnH-2Cnt-20171210_23-33-58914.dat, valid & feasible 
./population/0007-i-ng-60-64-40-24h-16mxP-5mxC-10mxH-9mnH-2Cnt-20171210_23-33-58914-brkga-brkga-g5-p125-e0.3-m0.1-i0.7.json, ../../Instances/Final/LargeSet_20180106/0007-i-ng-60-64-40-24h-16mxP-5mxC-10mxH-9mnH-2Cnt-20171210_23-33-58914.dat, not valid  minHours 
./population/0015-i-ng-60-64-40-24h-16mxP-5mxC-10mxH-4mnH-4Cnt-20171210_23-33-59718-brkga-brkga-g5-p250-e0.3-m0.1-i0.7.json, ../../Instances/Final/LargeSet_20180106/0015-i-ng-60-64-40-24h-16mxP-5mxC-10mxH-4mnH-4Cnt-20171210_23-33-59718.dat, valid & feasible 
./population/0007-i-ng-60-64-40-24h-16mxP-5mxC-10mxH-9mnH-2Cnt-20171210_23-33-58914-brkga-brkga-g5-p200-e0.3-m0.1-i0.7.json, ../../Instances/Final/LargeSet_20180106/0007-i-ng-60-64-40-24h-16mxP-5mxC-10mxH-9mnH-2Cnt-20171210_23-33-58914.dat, not valid  minHours 
./population/0015-i-ng-60-64-40-24h-16mxP-5mxC-10mxH-4mnH-4Cnt-20171210_23-33-59718-brkga-brkga-g5-p125-e0.3-m0.1-i0.7.json, ../../Instances/Final/LargeSet_20180106/0015-i-ng-60-64-40-24h-16mxP-5mxC-10mxH-4mnH-4Cnt-20171210_23-33-59718.dat, valid & feasible 
./population/0015-i-ng-60-64-40-24h-16mxP-5mxC-10mxH-4mnH-4Cnt-20171210_23-33-59718-brkga-brkga-g5-p100-e0.3-m0.1-i0.7.json, ../../Instances/Final/LargeSet_20180106/0015-i-ng-60-64-40-24h-16mxP-5mxC-10mxH-4mnH-4Cnt-20171210_23-33-59718.dat, valid & feasible 
./population/0015-i-ng-60-64-40-24h-16mxP-5mxC-10mxH-4mnH-4Cnt-20171210_23-33-59718-brkga-brkga-g5-p200-e0.3-m0.1-i0.7.json, ../../Instances/Final/LargeSet_20180106/0015-i-ng-60-64-40-24h-16mxP-5mxC-10mxH-4mnH-4Cnt-20171210_23-33-59718.dat, valid & feasible 
./population/0007-i-ng-60-64-40-24h-16mxP-5mxC-10mxH-9mnH-2Cnt-20171210_23-33-58914-brkga-brkga-g5-p50-e0.3-m0.1-i0.7.json, ../../Instances/Final/LargeSet_20180106/0007-i-ng-60-64-40-24h-16mxP-5mxC-10mxH-9mnH-2Cnt-20171210_23-33-58914.dat, valid & feasible 
./population/0015-i-ng-60-64-40-24h-16mxP-5mxC-10mxH-4mnH-4Cnt-20171210_23-33-59718-brkga-brkga-g5-p225-e0.3-m0.1-i0.7.json, ../../Instances/Final/LargeSet_20180106/0015-i-ng-60-64-40-24h-16mxP-5mxC-10mxH-4mnH-4Cnt-20171210_23-33-59718.dat, valid & feasible 
./population/0007-i-ng-60-64-40-24h-16mxP-5mxC-10mxH-9mnH-2Cnt-20171210_23-33-58914-brkga-brkga-g5-p75-e0.3-m0.1-i0.7.json, ../../Instances/Final/LargeSet_20180106/0007-i-ng-60-64-40-24h-16mxP-5mxC-10mxH-9mnH-2Cnt-20171210_23-33-58914.dat, valid & feasible 
./population/0007-i-ng-60-64-40-24h-16mxP-5mxC-10mxH-9mnH-2Cnt-20171210_23-33-58914-brkga-brkga-g5-p275-e0.3-m0.1-i0.7.json, ../../Instances/Final/LargeSet_20180106/0007-i-ng-60-64-40-24h-16mxP-5mxC-10mxH-9mnH-2Cnt-20171210_23-33-58914.dat, not valid  minHours 
./population/0007-i-ng-60-64-40-24h-16mxP-5mxC-10mxH-9mnH-2Cnt-20171210_23-33-58914-brkga-brkga-g5-p25-e0.3-m0.1-i0.7.json, ../../Instances/Final/LargeSet_20180106/0007-i-ng-60-64-40-24h-16mxP-5mxC-10mxH-9mnH-2Cnt-20171210_23-33-58914.dat, valid & feasible 
./population/0015-i-ng-60-64-40-24h-16mxP-5mxC-10mxH-4mnH-4Cnt-20171210_23-33-59718-brkga-brkga-g5-p175-e0.3-m0.1-i0.7.json, ../../Instances/Final/LargeSet_20180106/0015-i-ng-60-64-40-24h-16mxP-5mxC-10mxH-4mnH-4Cnt-20171210_23-33-59718.dat, valid & feasible 
./population/0007-i-ng-60-64-40-24h-16mxP-5mxC-10mxH-9mnH-2Cnt-20171210_23-33-58914-brkga-brkga-g5-p175-e0.3-m0.1-i0.7.json, ../../Instances/Final/LargeSet_20180106/0007-i-ng-60-64-40-24h-16mxP-5mxC-10mxH-9mnH-2Cnt-20171210_23-33-58914.dat, valid & feasible 
./population/0015-i-ng-60-64-40-24h-16mxP-5mxC-10mxH-4mnH-4Cnt-20171210_23-33-59718-brkga-brkga-g5-p25-e0.3-m0.1-i0.7.json, ../../Instances/Final/LargeSet_20180106/0015-i-ng-60-64-40-24h-16mxP-5mxC-10mxH-4mnH-4Cnt-20171210_23-33-59718.dat, valid & feasible 
./population/0015-i-ng-60-64-40-24h-16mxP-5mxC-10mxH-4mnH-4Cnt-20171210_23-33-59718-brkga-brkga-g5-p275-e0.3-m0.1-i0.7.json, ../../Instances/Final/LargeSet_20180106/0015-i-ng-60-64-40-24h-16mxP-5mxC-10mxH-4mnH-4Cnt-20171210_23-33-59718.dat, valid & feasible 
