./6425-i-ng-60-800-500-24h-16mxP-5mxC-10mxH-1mnH-3Cnt-20171218_23-50-00327-grasp-grasp-a0.2-i2-lstfirst-lsit3.json, ./6425-i-ng-60-800-500-24h-16mxP-5mxC-10mxH-1mnH-3Cnt-20171218_23-50-00327.dat, False
./0001-i-ng-60-64-40-24h-8mxP-2mxC-2mxH-1mnH-1Cnt-20171210_12-53-50429-grasp-grasp-a0.2-i2-lstfirst-lsit3.json, ./0001-i-ng-60-64-40-24h-8mxP-2mxC-2mxH-1mnH-1Cnt-20171210_12-53-50429.dat, False
./0008-x_28_8-grasp-grasp-a0.2-i2-lstfirst-lsit3.json, ./0008-x_28_8.dat, False
./0392-i-ng-60-64-40-24h-16mxP-5mxC-10mxH-1mnH-4Cnt-20171210_23-33-58568-grasp-grasp-a0.2-i2-lstfirst-lsit3.json, ./0392-i-ng-60-64-40-24h-16mxP-5mxC-10mxH-1mnH-4Cnt-20171210_23-33-58568.dat, False
./0619-i-ng-60-128-80-24h-16mxP-5mxC-10mxH-1mnH-3Cnt-20171218_23-49-5823-grasp-grasp-a0.2-i2-lstfirst-lsit3.json, ./0619-i-ng-60-128-80-24h-16mxP-5mxC-10mxH-1mnH-3Cnt-20171218_23-49-5823.dat, False
./0035-i-ng-60-64-40-24h-16mxP-4mxC-10mxH-1mnH-3Cnt-20171218_23-50-0198-grasp-grasp-a0.2-i2-lstfirst-lsit3.json, ./0035-i-ng-60-64-40-24h-16mxP-4mxC-10mxH-1mnH-3Cnt-20171218_23-50-0198.dat, False
