./aa-1800-brkga-brkga-g1-p1-e0.2-m0.1-i0.8.json, /media/disk/home/pau/Projectes/AMMM-Project/Instances/Pending9/aa-1800.dat, not valid  minHours 
./wy-brkga-brkga-g20-p1-e0.2-m0.1-i0.8.json, /media/disk/home/pau/Projectes/AMMM-Project/Instances/Pending4/wy.dat, not valid  minHours 
./wy-brkga-brkga-g1-p1-e0.2-m0.1-i0.8.json, /media/disk/home/pau/Projectes/AMMM-Project/Instances/Pending4/wy.dat, not valid  minHours 
./0109-i-ng-60-64-40-24h-16mxP-5mxC-10mxH-4mnH-1Cnt-20171210_23-33-58660-brkga-brkga-g1-p1-e0.2-m0.1-i0.8.json, /media/disk/home/pau/Projectes/AMMM-Project/Instances/Pending4/0109-i-ng-60-64-40-24h-16mxP-5mxC-10mxH-4mnH-1Cnt-20171210_23-33-58660.dat, valid & feasible 
./0109-i-ng-60-64-40-24h-16mxP-5mxC-10mxH-4mnH-1Cnt-20171210_23-33-58660-brkga-brkga-g20-p1-e0.2-m0.1-i0.8.json, /media/disk/home/pau/Projectes/AMMM-Project/Instances/Pending4/0109-i-ng-60-64-40-24h-16mxP-5mxC-10mxH-4mnH-1Cnt-20171210_23-33-58660.dat, not valid  minHours 
./aa-1800-brkga-brkga-g1-p3-e0.2-m0.1-i0.8.json, /media/disk/home/pau/Projectes/AMMM-Project/Instances/Pending9/aa-1800.dat, not valid  maxHours 
./aa-1800-brkga-brkga-g20-p1-e0.2-m0.1-i0.8.json, /media/disk/home/pau/Projectes/AMMM-Project/Instances/Pending9/aa-1800.dat, not valid  minHours 
./0035-i-ng-60-64-40-24h-16mxP-4mxC-10mxH-1mnH-3Cnt-20171218_23-50-0198-brkga-brkga-g20-p1-e0.2-m0.1-i0.8.json, /media/disk/home/pau/Projectes/AMMM-Project/Instances/Pending4/0035-i-ng-60-64-40-24h-16mxP-4mxC-10mxH-1mnH-3Cnt-20171218_23-50-0198.dat, valid & feasible 
./0035-i-ng-60-64-40-24h-16mxP-4mxC-10mxH-1mnH-3Cnt-20171218_23-50-0198-brkga-brkga-g1-p1-e0.2-m0.1-i0.8.json, /media/disk/home/pau/Projectes/AMMM-Project/Instances/Pending4/0035-i-ng-60-64-40-24h-16mxP-4mxC-10mxH-1mnH-3Cnt-20171218_23-50-0198.dat, valid & feasible 
./3101-i-ng-40-588-420-24h-16mxP-5mxC-10mxH-1mnH-3Cnt-20171228_12-47-5212-brkga-brkga-g1-p1-e0.2-m0.1-i0.8.json, /media/disk/home/pau/Projectes/AMMM-Project/Instances/Pending4/3101-i-ng-40-588-420-24h-16mxP-5mxC-10mxH-1mnH-3Cnt-20171228_12-47-5212.dat, valid & feasible 
