[
{ "./maxConsec/data/i-ng-60-64-40-24h-16mxP-3mxC-10mxH-1mnH-3Cnt-20180105_02-25-20972.dat" : {"expected_output" : "SUCCESS",
"computed_output" : "true",
"desired_objfunc" : "1",
"solver" : "ILP",
"time" : "5.74959",
"int_vars" : "128",
"Gap" : "0",
"ObjectiveFunction" : "43",
"isMIP?" : "true",
"Data" : "maxConsec = 3;\nmaxPresence = 16;\nmaxHours = 10;\nminHours = 1;\nhours = 24;\ndemand = [29 40 36 24 19 24 26 40 30 21 23 27 15 5 0 0 0 0 0 0 0 0 0 0];\nnNurses = 64;\n",
"Solution" : "// solution (optimal) with objective 43\n// Quality Incumbent solution:\n// MILP objective                                 4,3000000000e+01\n// MILP solution norm |x| (Total, Max)            9,57000e+02  1,50000e+01\n// MILP solution error (Ax=b) (Total, Max)        0,00000e+00  0,00000e+00\n// MILP x bound error (Total, Max)                0,00000e+00  0,00000e+00\n// MILP x integrality error (Total, Max)          0,00000e+00  0,00000e+00\n// MILP slack bound error (Total, Max)            0,00000e+00  0,00000e+00\n// \n\nz = [1\n         1 1 0 0 0 0 1 1 0 1 0 0 0 1 1 1 1 1 1 1 1 0 1 0 0 0 1 1 0 1 0 1 1\n         1 1 0 1 1 1 0 0 1 1 1 1 1 1 1 1 1 1 0 0 1 1 1 1 0 1 1 0 1 1];\nw = [[1 1 1 0 1 1 0 1 1 0 1 1 0 1 0 0 0 0 0 0 0 0 0 0]\n             [0 1 1 1 0 1 1 0 1 0 1 1 0 0 0 0 0 0 0 0 0 0 0 0]\n             [1 1 1 0 1 0 1 1 0 1 1 1 0 0 0 0 0 0 0 0 0 0 0 0]\n             [0 0 0 0 0 0 0 0 0 0 0 0 0 0 0 0 0 0 0 0 0 0 0 0]\n             [0 0 0 0 0 0 0 0 0 0 0 0 0 0 0 0 0 0 0 0 0 0 0 0]\n             [0 0 0 0 0 0 0 0 0 0 0 0 0 0 0 0 0 0 0 0 0 0 0 0]\n             [0 0 0 0 0 0 0 0 0 0 0 0 0 0 0 0 0 0 0 0 0 0 0 0]\n             [1 1 1 0 1 0 1 1 1 0 1 0 1 1 0 0 0 0 0 0 0 0 0 0]\n             [1 1 1 0 1 0 1 1 1 0 1 1 0 0 0 0 0 0 0 0 0 0 0 0]\n             [0 0 0 0 0 0 0 0 0 0 0 0 0 0 0 0 0 0 0 0 0 0 0 0]\n             [1 0 1 1 1 0 1 1 1 0 1 1 0 0 0 0 0 0 0 0 0 0 0 0]\n             [0 0 0 0 0 0 0 0 0 0 0 0 0 0 0 0 0 0 0 0 0 0 0 0]\n             [0 0 0 0 0 0 0 0 0 0 0 0 0 0 0 0 0 0 0 0 0 0 0 0]\n             [0 0 0 0 0 0 0 0 0 0 0 0 0 0 0 0 0 0 0 0 0 0 0 0]\n             [0 1 1 1 0 1 0 1 1 0 1 1 0 0 0 0 0 0 0 0 0 0 0 0]\n             [0 1 1 1 0 1 0 1 1 1 0 0 0 0 0 0 0 0 0 0 0 0 0 0]\n             [0 1 1 1 0 1 0 1 1 0 1 1 1 0 0 0 0 0 0 0 0 0 0 0]\n             [0 1 1 1 0 1 0 1 0 1 1 1 0 0 0 0 0 0 0 0 0 0 0 0]\n             [0 1 1 1 0 1 0 1 1 1 0 1 0 0 0 0 0 0 0 0 0 0 0 0]\n             [1 1 1 0 1 0 1 1 1 0 1 1 1 0 0 0 0 0 0 0 0 0 0 0]\n             [1 1 1 0 1 0 1 1 0 1 0 1 1 1 0 0 0 0 0 0 0 0 0 0]\n             [1 1 1 0 1 0 1 1 0 1 0 0 0 0 0 0 0 0 0 0 0 0 0 0]\n             [0 0 0 0 0 0 0 0 0 0 0 0 0 0 0 0 0 0 0 0 0 0 0 0]\n             [1 1 1 0 1 1 0 1 1 1 0 1 1 0 0 0 0 0 0 0 0 0 0 0]\n             [0 0 0 0 0 0 0 0 0 0 0 0 0 0 0 0 0 0 0 0 0 0 0 0]\n             [0 0 0 0 0 0 0 0 0 0 0 0 0 0 0 0 0 0 0 0 0 0 0 0]\n             [0 0 0 0 0 0 0 0 0 0 0 0 0 0 0 0 0 0 0 0 0 0 0 0]\n             [1 1 0 1 0 1 1 1 0 1 1 1 0 0 0 0 0 0 0 0 0 0 0 0]\n             [1 1 0 1 1 1 0 1 1 0 1 1 1 0 0 0 0 0 0 0 0 0 0 0]\n             [0 0 0 0 0 0 0 0 0 0 0 0 0 0 0 0 0 0 0 0 0 0 0 0]\n             [1 1 1 0 1 0 1 1 1 0 1 1 1 0 0 0 0 0 0 0 0 0 0 0]\n             [0 0 0 0 0 0 0 0 0 0 0 0 0 0 0 0 0 0 0 0 0 0 0 0]\n             [1 1 1 0 1 1 0 1 1 1 0 1 1 0 0 0 0 0 0 0 0 0 0 0]\n             [1 1 1 0 1 0 1 1 1 0 1 0 1 0 0 0 0 0 0 0 0 0 0 0]\n             [0 1 1 1 0 1 1 1 0 1 0 1 1 0 0 0 0 0 0 0 0 0 0 0]\n             [0 1 1 1 0 1 1 1 0 1 1 0 0 0 0 0 0 0 0 0 0 0 0 0]\n             [0 0 0 0 0 0 0 0 0 0 0 0 0 0 0 0 0 0 0 0 0 0 0 0]\n             [1 1 1 0 1 0 1 1 1 0 0 0 0 0 0 0 0 0 0 0 0 0 0 0]\n             [0 1 1 1 0 1 0 1 1 1 0 0 0 0 0 0 0 0 0 0 0 0 0 0]\n             [0 1 1 1 0 1 1 1 0 1 0 1 1 0 0 0 0 0 0 0 0 0 0 0]\n             [0 0 0 0 0 0 0 0 0 0 0 0 0 0 0 0 0 0 0 0 0 0 0 0]\n             [0 0 0 0 0 0 0 0 0 0 0 0 0 0 0 0 0 0 0 0 0 0 0 0]\n             [1 1 0 1 0 1 1 1 0 1 1 1 0 0 0 0 0 0 0 0 0 0 0 0]\n             [1 1 1 0 1 0 1 1 1 0 0 0 0 0 0 0 0 0 0 0 0 0 0 0]\n             [1 1 0 1 0 1 1 1 0 1 0 1 1 0 0 0 0 0 0 0 0 0 0 0]\n             [1 1 1 0 1 0 1 1 1 0 0 0 0 0 0 0 0 0 0 0 0 0 0 0]\n             [1 1 1 0 1 1 1 0 1 0 1 1 0 1 0 0 0 0 0 0 0 0 0 0]\n             [0 1 1 1 0 1 1 1 0 0 0 0 0 0 0 0 0 0 0 0 0 0 0 0]\n             [1 1 1 0 1 1 1 0 1 1 1 0 0 0 0 0 0 0 0 0 0 0 0 0]\n             [1 0 1 1 0 1 0 1 1 0 1 0 0 0 0 0 0 0 0 0 0 0 0 0]\n             [1 1 1 0 1 0 1 1 1 0 1 1 1 0 0 0 0 0 0 0 0 0 0 0]\n             [0 1 1 1 0 1 1 1 0 0 0 0 0 0 0 0 0 0 0 0 0 0 0 0]\n             [0 0 0 0 0 0 0 0 0 0 0 0 0 0 0 0 0 0 0 0 0 0 0 0]\n             [0 0 0 0 0 0 0 0 0 0 0 0 0 0 0 0 0 0 0 0 0 0 0 0]\n             [1 1 0 1 1 0 1 1 1 0 1 1 1 0 0 0 0 0 0 0 0 0 0 0]\n             [1 1 1 0 1 1 0 1 1 1 0 1 1 0 0 0 0 0 0 0 0 0 0 0]\n             [1 1 0 1 0 1 0 1 1 1 0 1 0 1 0 0 0 0 0 0 0 0 0 0]\n             [0 1 1 1 0 1 1 1 0 1 1 1 0 0 0 0 0 0 0 0 0 0 0 0]\n             [0 0 0 0 0 0 0 0 0 0 0 0 0 0 0 0 0 0 0 0 0 0 0 0]\n             [1 1 1 0 1 1 0 1 1 1 0 1 0 0 0 0 0 0 0 0 0 0 0 0]\n             [0 1 1 1 0 1 0 1 1 1 0 0 0 0 0 0 0 0 0 0 0 0 0 0]\n             [0 0 0 0 0 0 0 0 0 0 0 0 0 0 0 0 0 0 0 0 0 0 0 0]\n             [1 0 1 1 0 1 0 1 1 0 1 0 0 0 0 0 0 0 0 0 0 0 0 0]\n             [1 1 0 1 0 1 0 1 1 0 0 0 0 0 0 0 0 0 0 0 0 0 0 0]];\ne = [14 12 12 0 0 0 0 14 12 0 12 0 0 0 12 10 13 12 12 13 14 10 0 13 0 0 0 12\n         13 0 13 0 13 13 13 11 0 9 10 13 0 0 12 9 13 9 14 8 11 11 13 8 0 0\n         13 13 14 12 0 12 10 0 11 15];\ns = [0 0 0 0 0 0 0 0 1 0 1 0 0 0 2 0 2 2 0 1 1 0 0 1 0 0 0 0 1 0 1 0 1 0 2 0\n         0 0 2 2 0 0 1 1 1 1 1 2 0 1 1 0 0 0 0 0 1 2 0 1 0 0 1 0];\n"
}},{"end":"end"}]
