[
{ "./maxHours/data/i-ng-60-64-40-24h-16mxP-4mxC-10mxH-1mnH-3Cnt-20180105_02-24-48541.dat" : {"expected_output" : "SUCCESS",
"computed_output" : "true",
"desired_objfunc" : "1",
"solver" : "ILP",
"time" : "7.67992",
"int_vars" : "128",
"Gap" : "0",
"ObjectiveFunction" : "43",
"isMIP?" : "true",
"Data" : "maxConsec = 4;\nmaxPresence = 16;\nmaxHours = 10;\nminHours = 1;\nhours = 24;\ndemand = [32 40 40 16 40 28 32 40 30 30 27 19 12 10 0 0 0 0 0 0 0 0 0 0];\nnNurses = 64;\n",
"Solution" : "// solution (optimal) with objective 43\n// Quality Incumbent solution:\n// MILP objective                                 4,3000000000e+01\n// MILP solution norm |x| (Total, Max)            1,02400e+03  1,60000e+01\n// MILP solution error (Ax=b) (Total, Max)        0,00000e+00  0,00000e+00\n// MILP x bound error (Total, Max)                0,00000e+00  0,00000e+00\n// MILP x integrality error (Total, Max)          0,00000e+00  0,00000e+00\n// MILP slack bound error (Total, Max)            0,00000e+00  0,00000e+00\n// \n\nz = [1\n         1 1 1 1 0 1 1 1 1 1 1 1 0 0 1 1 1 1 1 1 1 1 1 1 1 1 0 0 1 1 1 0 1\n         1 1 1 0 1 1 0 0 1 1 0 0 1 0 1 1 0 1 0 0 0 1 0 0 1 0 0 0 1 1];\nw = [[1 1 1 0 1 1 1 0 1 1 1 1 0 0 0 0 0 0 0 0 0 0 0 0]\n             [0 1 1 1 1 0 1 1 1 0 1 0 1 1 0 0 0 0 0 0 0 0 0 0]\n             [1 1 1 0 1 1 1 1 0 1 0 1 0 1 0 0 0 0 0 0 0 0 0 0]\n             [1 1 1 0 1 1 0 1 1 0 1 1 1 0 0 0 0 0 0 0 0 0 0 0]\n             [1 1 1 0 1 1 0 1 1 1 0 1 0 1 0 0 0 0 0 0 0 0 0 0]\n             [0 0 0 0 0 0 0 0 0 0 0 0 0 0 0 0 0 0 0 0 0 0 0 0]\n             [1 0 1 1 1 1 0 1 1 1 1 0 1 0 0 0 0 0 0 0 0 0 0 0]\n             [1 1 1 0 1 0 1 1 1 1 0 1 0 0 0 0 0 0 0 0 0 0 0 0]\n             [1 1 1 1 0 1 1 1 1 0 1 1 0 0 0 0 0 0 0 0 0 0 0 0]\n             [1 1 1 1 0 1 1 1 1 0 0 0 0 0 0 0 0 0 0 0 0 0 0 0]\n             [1 1 1 0 1 0 1 1 1 1 0 1 0 1 0 0 0 0 0 0 0 0 0 0]\n             [1 1 1 0 1 1 0 1 1 1 0 1 1 0 0 0 0 0 0 0 0 0 0 0]\n             [1 1 1 0 1 1 1 0 1 1 1 1 0 0 0 0 0 0 0 0 0 0 0 0]\n             [0 0 0 0 0 0 0 0 0 0 0 0 0 0 0 0 0 0 0 0 0 0 0 0]\n             [0 0 0 0 0 0 0 0 0 0 0 0 0 0 0 0 0 0 0 0 0 0 0 0]\n             [1 1 1 0 1 1 1 1 0 1 1 0 0 0 0 0 0 0 0 0 0 0 0 0]\n             [1 1 1 0 1 1 1 1 0 1 1 1 0 0 0 0 0 0 0 0 0 0 0 0]\n             [1 1 1 0 1 1 1 1 0 1 1 0 1 0 0 0 0 0 0 0 0 0 0 0]\n             [1 1 0 1 1 0 1 1 1 0 1 0 0 0 0 0 0 0 0 0 0 0 0 0]\n             [1 1 1 0 1 0 1 1 1 1 0 0 0 0 0 0 0 0 0 0 0 0 0 0]\n             [1 1 1 0 1 1 0 1 1 1 1 0 0 0 0 0 0 0 0 0 0 0 0 0]\n             [1 1 1 0 1 1 1 1 0 1 1 0 1 0 0 0 0 0 0 0 0 0 0 0]\n             [1 1 1 0 1 1 0 1 1 0 1 0 1 1 0 0 0 0 0 0 0 0 0 0]\n             [1 1 1 0 1 1 0 1 1 1 1 0 0 0 0 0 0 0 0 0 0 0 0 0]\n             [0 1 1 1 1 0 1 1 1 0 1 0 0 0 0 0 0 0 0 0 0 0 0 0]\n             [1 1 1 0 1 1 1 1 0 1 0 1 1 0 0 0 0 0 0 0 0 0 0 0]\n             [1 1 1 0 1 1 1 1 0 1 1 0 0 0 0 0 0 0 0 0 0 0 0 0]\n             [0 0 0 0 0 0 0 0 0 0 0 0 0 0 0 0 0 0 0 0 0 0 0 0]\n             [0 0 0 0 0 0 0 0 0 0 0 0 0 0 0 0 0 0 0 0 0 0 0 0]\n             [0 1 1 1 1 0 1 1 1 1 0 0 0 0 0 0 0 0 0 0 0 0 0 0]\n             [1 1 1 0 1 0 1 1 1 0 1 0 0 0 0 0 0 0 0 0 0 0 0 0]\n             [1 1 1 0 1 1 0 1 1 1 0 0 0 0 0 0 0 0 0 0 0 0 0 0]\n             [0 0 0 0 0 0 0 0 0 0 0 0 0 0 0 0 0 0 0 0 0 0 0 0]\n             [1 1 1 1 0 1 1 1 1 0 1 1 0 0 0 0 0 0 0 0 0 0 0 0]\n             [0 1 1 1 1 0 1 1 1 0 1 0 0 0 0 0 0 0 0 0 0 0 0 0]\n             [0 1 1 1 1 0 1 1 1 0 1 1 0 1 0 0 0 0 0 0 0 0 0 0]\n             [0 1 1 1 1 0 1 1 1 1 0 1 0 1 0 0 0 0 0 0 0 0 0 0]\n             [0 0 0 0 0 0 0 0 0 0 0 0 0 0 0 0 0 0 0 0 0 0 0 0]\n             [0 1 1 1 1 0 1 1 1 1 0 1 1 0 0 0 0 0 0 0 0 0 0 0]\n             [0 1 1 0 1 1 0 1 0 1 1 0 1 1 0 0 0 0 0 0 0 0 0 0]\n             [0 0 0 0 0 0 0 0 0 0 0 0 0 0 0 0 0 0 0 0 0 0 0 0]\n             [0 0 0 0 0 0 0 0 0 0 0 0 0 0 0 0 0 0 0 0 0 0 0 0]\n             [1 0 1 1 1 0 1 1 0 1 0 0 0 0 0 0 0 0 0 0 0 0 0 0]\n             [1 1 1 0 1 1 1 1 0 1 1 1 0 0 0 0 0 0 0 0 0 0 0 0]\n             [0 0 0 0 0 0 0 0 0 0 0 0 0 0 0 0 0 0 0 0 0 0 0 0]\n             [0 0 0 0 0 0 0 0 0 0 0 0 0 0 0 0 0 0 0 0 0 0 0 0]\n             [1 1 1 0 1 1 1 1 0 1 0 0 0 0 0 0 0 0 0 0 0 0 0 0]\n             [0 0 0 0 0 0 0 0 0 0 0 0 0 0 0 0 0 0 0 0 0 0 0 0]\n             [1 1 1 0 1 1 1 1 0 1 1 0 1 0 0 0 0 0 0 0 0 0 0 0]\n             [0 1 1 0 1 1 0 1 1 1 1 0 1 0 0 0 0 0 0 0 0 0 0 0]\n             [0 0 0 0 0 0 0 0 0 0 0 0 0 0 0 0 0 0 0 0 0 0 0 0]\n             [1 0 1 1 1 1 0 1 1 1 1 0 1 0 0 0 0 0 0 0 0 0 0 0]\n             [0 0 0 0 0 0 0 0 0 0 0 0 0 0 0 0 0 0 0 0 0 0 0 0]\n             [0 0 0 0 0 0 0 0 0 0 0 0 0 0 0 0 0 0 0 0 0 0 0 0]\n             [0 0 0 0 0 0 0 0 0 0 0 0 0 0 0 0 0 0 0 0 0 0 0 0]\n             [1 1 0 1 1 1 1 0 1 1 0 1 0 1 0 0 0 0 0 0 0 0 0 0]\n             [0 0 0 0 0 0 0 0 0 0 0 0 0 0 0 0 0 0 0 0 0 0 0 0]\n             [0 0 0 0 0 0 0 0 0 0 0 0 0 0 0 0 0 0 0 0 0 0 0 0]\n             [0 1 1 1 1 0 1 1 1 0 1 1 0 0 0 0 0 0 0 0 0 0 0 0]\n             [0 0 0 0 0 0 0 0 0 0 0 0 0 0 0 0 0 0 0 0 0 0 0 0]\n             [0 0 0 0 0 0 0 0 0 0 0 0 0 0 0 0 0 0 0 0 0 0 0 0]\n             [0 0 0 0 0 0 0 0 0 0 0 0 0 0 0 0 0 0 0 0 0 0 0 0]\n             [1 1 1 0 1 0 1 1 1 1 0 0 0 0 0 0 0 0 0 0 0 0 0 0]\n             [0 1 1 0 1 1 1 1 0 1 1 1 0 1 0 0 0 0 0 0 0 0 0 0]];\ne = [12 14 14 15 14 0 14 15 12 9 15 13 12 0 0 11 12 13 15 11 11 15 14 11 15\n         15 15 0 0 15 11 10 0 12 15 15 14 0 15 15 0 0 15 15 0 0 10 0 15 13\n         0 13 0 0 0 16 0 0 13 0 0 0 15 14];\ns = [0 0 0 0 0 0 0 0 0 0 0 0 0 0 0 0 0 0 0 0 0 0 0 0 0 0 0 0 0 0 0 0 0 0 0 0\n         0 0 0 0 0 0 0 0 0 0 0 0 0 2 0 1 0 0 0 1 0 0 0 0 0 0 0 0];\n"
}},{"end":"end"}]
